ID,Deph(m),Nspt,qc(Mpa),fs(Mpa),Torque Max. (kgf.m),Argila,Areia,Silte,E(Mpa),Carga_Tra√ßao
SP01,0.25,,2.31,119.0,,1.0,0.0,0.0,,718
SP01,0.5,,1.38,141.0,,1.0,0.0,0.0,,550
SP01,0.75,,1.12,125.0,,1.0,0.0,0.0,,623
SP01,1.0,1.2,1.02,101.0,,1.0,0.0,0.0,,733
SP01,1.25,,1.03,45.0,,1.0,0.0,0.0,,993
SP01,1.5,,1.13,16.0,,1.0,0.0,0.0,,687
SP01,1.75,,1.25,7.0,,1.0,0.0,0.0,,726
SP01,2.0,1.7,1.26,7.0,,1.0,0.0,0.0,3.11,696
SP01,2.25,,1.48,26.0,,1.0,0.0,0.0,,869
SP01,2.5,,1.68,18.0,,1.0,0.0,0.0,,979
SP01,2.75,,1.83,7.0,,1.0,0.0,0.0,,913
SP01,3.0,2.6,2.29,11.0,,1.0,0.0,0.0,,813
SP01,3.25,,2.74,18.0,,1.0,0.0,0.0,,565
SP01,3.5,,3.03,17.0,,1.0,0.0,0.0,,791
SP01,3.75,,2.37,13.0,,1.0,0.0,0.0,,991
SP01,4.0,3.4,2.48,11.0,,1.0,0.0,0.0,10.1,599
SP01,4.25,,2.55,23.0,,1.0,0.0,0.0,,850
SP01,4.5,,2.6,23.0,,1.0,0.0,0.0,,661
SP01,4.75,,2.32,16.0,,1.0,0.0,0.0,,697
SP01,5.0,4.0,2.85,51.0,,1.0,0.0,0.0,,683
SP01,5.25,,3.94,53.0,,1.0,0.0,0.0,,616
SP01,5.5,,3.05,22.0,,1.0,0.0,0.0,,843
SP01,5.75,,,56.0,,1.0,0.0,0.0,,889
SP01,6.0,6.0,2.78,73.0,,1.0,0.0,0.0,,735
SP01,6.25,,2.65,85.0,,0.0,1.0,0.0,,801
SP01,6.5,,2.58,95.0,,0.0,1.0,0.0,,842
SP01,6.75,,2.17,128.0,,0.0,1.0,0.0,,616
SP01,7.0,4.0,,140.0,,0.0,0.0,1.0,,661
SP01,7.25,,1.91,138.0,,0.0,0.0,1.0,,573
SP01,7.5,,1.81,131.0,,0.0,0.0,1.0,,892
SP01,7.75,,1.81,89.0,,0.0,0.0,1.0,,756
SP01,8.0,8.0,1.85,135.0,,0.0,0.0,1.0,11.65,765
SP01,8.25,,1.72,147.0,,0.0,0.0,1.0,,969
SP01,8.5,,1.59,132.0,,0.0,0.0,1.0,,687
SP01,8.75,,1.79,139.0,,0.0,0.0,1.0,,911
SP01,9.0,6.0,1.82,146.0,,0.0,0.0,1.0,,869
SP01,9.25,,2.05,132.0,,0.0,0.0,1.0,,918
SP01,9.5,,2.03,173.0,,0.0,0.0,1.0,,985
SP01,9.75,,1.88,159.0,,0.0,0.0,1.0,,544
SP01,10.0,11.0,1.88,161.0,,0.0,0.0,1.0,13.03,660
SP01,10.25,,1.96,163.0,,0.0,0.0,1.0,,829
SP01,10.5,,1.96,160.0,,0.0,0.0,1.0,,923
SP01,10.75,,1.98,160.0,,0.0,0.0,1.0,,704
SP01,11.0,10.0,2.08,178.0,,0.0,0.0,1.0,,795
SP01,11.25,,2.15,193.0,,0.0,0.0,1.0,,520
SP01,11.5,,2.07,172.0,,0.0,0.0,1.0,,633
SP01,11.75,,1.86,165.0,,0.0,0.0,1.0,,629
SP01,12.0,9.0,1.87,145.0,,0.0,0.0,1.0,13.06,574
SP01,12.25,,2.01,173.0,,0.0,0.0,1.0,,728
SP01,12.5,,1.68,137.0,,0.0,0.0,1.0,,608
SP01,12.75,,1.59,116.0,,0.0,0.0,1.0,,914
SP01,13.0,9.0,1.68,106.0,,0.0,0.0,1.0,,931
SP01,13.25,,1.73,202.0,,0.0,0.0,1.0,,711
SP01,13.5,,1.64,130.0,,0.0,0.0,1.0,,644
SP01,13.75,,1.5,121.0,,0.0,0.0,1.0,,702
SP01,14.0,8.0,1.6,97.0,,0.0,0.0,1.0,10.49,650
SP01,14.25,,1.65,107.0,,0.0,0.0,1.0,,562
SP01,14.5,,1.72,84.0,,0.0,0.0,1.0,,536
SP01,14.75,,1.67,74.0,,0.0,0.0,1.0,,643
SP01,15.0,8.0,1.56,84.0,,0.0,0.0,1.0,,871
SP01,15.25,,1.66,76.0,,0.0,0.0,1.0,,529
SP01,15.5,,1.54,58.0,,0.0,0.0,1.0,,560
SP01,15.75,,1.72,59.0,,0.0,0.0,1.0,,900
SP01,16.0,7.0,1.6,64.0,,0.0,0.0,1.0,6.98,701
SP01,16.25,,1.68,76.0,,0.0,0.0,1.0,,738
SP01,16.5,,1.71,66.0,,0.0,0.0,1.0,,633
SP01,16.75,,2.04,51.0,,0.0,0.0,1.0,,940
SP01,17.0,6.0,2.32,73.0,,0.0,0.0,1.0,,607
SP01,17.25,,2.51,122.0,,0.0,0.0,1.0,,976
SP01,17.5,,2.47,89.0,,0.0,0.0,1.0,,666
SP01,17.75,,2.53,90.0,,0.0,0.0,1.0,,934
SP01,18.0,6.0,2.96,109.0,,0.0,0.0,1.0,,830
SP01,18.25,,3.45,167.0,,0.0,0.0,1.0,,702
SP01,18.5,,3.4,178.0,,0.0,0.0,1.0,,897
SP01,18.75,,2.1,138.0,,0.0,0.0,1.0,,803
SP01,19.0,7.0,1.64,89.0,,0.0,0.0,1.0,,800
SP01,19.25,,1.63,98.0,,0.0,0.0,1.0,,803
SP01,19.5,,5.09,141.0,,0.0,0.0,1.0,,629
SP01,19.75,,3.17,204.0,,0.0,0.0,1.0,,906
SP01,20.0,5.0,2.11,83.0,,0.0,0.0,1.0,,704
SP01,20.25,,,,,0.0,0.0,1.0,,628
SP01,20.5,,,,,0.0,0.0,1.0,,663
SP01,20.75,,,,,0.0,0.0,1.0,,637
SP01,21.0,,,,,0.0,0.0,1.0,,766
SP01,21.25,,,,,0.0,0.0,1.0,,805
SP01,21.5,,,,,0.0,0.0,1.0,,867
SP01,21.75,,,,,0.0,0.0,1.0,,587
SP01,22.0,,,,,0.0,0.0,1.0,,662
,,,,,,,,,,991
SP02,0.25,,,,,1.0,0.0,0.0,,855
SP02,0.5,,,,,1.0,0.0,0.0,,872
SP02,0.75,,,,,1.0,0.0,0.0,,923
SP02,1.0,1.5,,,,1.0,0.0,0.0,,969
SP02,1.25,,,,,1.0,0.0,0.0,,513
SP02,1.5,,,,,1.0,0.0,0.0,,969
SP02,1.75,,,,,1.0,0.0,0.0,,982
SP02,2.0,1.8,,,,1.0,0.0,0.0,3.11,972
SP02,2.25,,,,,1.0,0.0,0.0,,776
SP02,2.5,,,,,1.0,0.0,0.0,,900
SP02,2.75,,,,,1.0,0.0,0.0,,615
SP02,3.0,1.9,,,,1.0,0.0,0.0,,687
SP02,3.25,,1.46,20.0,,1.0,0.0,0.0,,813
SP02,3.5,,1.54,15.0,,1.0,0.0,0.0,,502
SP02,3.75,,1.86,12.0,,1.0,0.0,0.0,,762
SP02,4.0,4.0,1.95,14.0,,1.0,0.0,0.0,10.1,833
SP02,4.25,,2.21,10.0,,1.0,0.0,0.0,,766
SP02,4.5,,1.98,9.0,,1.0,0.0,0.0,,784
SP02,4.75,,2.09,14.0,,1.0,0.0,0.0,,959
SP02,5.0,3.0,2.03,12.0,,1.0,0.0,0.0,,766
SP02,5.25,,2.51,31.0,,1.0,0.0,0.0,,617
SP02,5.5,,2.96,64.0,,1.0,0.0,0.0,,698
SP02,5.75,,,58.0,,1.0,0.0,0.0,,757
SP02,6.0,4.0,2.81,55.0,,1.0,0.0,0.0,,774
SP02,6.25,,2.23,51.0,,0.0,1.0,0.0,,569
SP02,6.5,,2.35,98.0,,0.0,1.0,0.0,,601
SP02,6.75,,2.29,104.0,,0.0,1.0,0.0,,882
SP02,7.0,8.0,,104.0,,0.0,0.0,1.0,,692
SP02,7.25,,2.13,143.0,,0.0,0.0,1.0,,675
SP02,7.5,,1.96,167.0,,0.0,0.0,1.0,,997
SP02,7.75,,1.89,173.0,,0.0,0.0,1.0,,981
SP02,8.0,8.0,1.82,173.0,,0.0,0.0,1.0,11.65,854
SP02,8.25,,1.55,162.0,,0.0,0.0,1.0,,802
SP02,8.5,,1.8,167.0,,0.0,0.0,1.0,,616
SP02,8.75,,2.15,178.0,,0.0,0.0,1.0,,915
SP02,9.0,8.0,1.63,162.0,,0.0,0.0,1.0,,811
SP02,9.25,,1.68,148.0,,0.0,0.0,1.0,,547
SP02,9.5,,1.65,165.0,,0.0,0.0,1.0,,651
SP02,9.75,,1.65,167.0,,0.0,0.0,1.0,,501
SP02,10.0,10.0,1.64,154.0,,0.0,0.0,1.0,13.03,728
SP02,10.25,,1.48,149.0,,0.0,0.0,1.0,,665
SP02,10.5,,1.86,165.0,,0.0,0.0,1.0,,993
SP02,10.75,,1.82,178.0,,0.0,0.0,1.0,,912
SP02,11.0,8.0,1.85,177.0,,0.0,0.0,1.0,,970
SP02,11.25,,1.77,177.0,,0.0,0.0,1.0,,768
SP02,11.5,,1.8,172.0,,0.0,0.0,1.0,,560
SP02,11.75,,1.87,165.0,,0.0,0.0,1.0,,979
SP02,12.0,10.0,1.78,164.0,,0.0,0.0,1.0,13.06,765
SP02,12.25,,1.9,159.0,,0.0,0.0,1.0,,964
SP02,12.5,,2.02,170.0,,0.0,0.0,1.0,,594
SP02,12.75,,1.87,151.0,,0.0,0.0,1.0,,773
SP02,13.0,8.0,1.81,149.0,,0.0,0.0,1.0,,563
SP02,13.25,,1.82,153.0,,0.0,0.0,1.0,,930
SP02,13.5,,1.64,137.0,,0.0,0.0,1.0,,599
SP02,13.75,,1.43,109.0,,0.0,0.0,1.0,,550
SP02,14.0,9.0,1.52,106.0,,0.0,0.0,1.0,10.49,658
SP02,14.25,,1.54,115.0,,0.0,0.0,1.0,,531
SP02,14.5,,1.7,104.0,,0.0,0.0,1.0,,528
SP02,14.75,,1.69,100.0,,0.0,0.0,1.0,,831
SP02,15.0,5.0,1.43,104.0,,0.0,0.0,1.0,,664
SP02,15.25,,1.71,78.0,,0.0,0.0,1.0,,569
SP02,15.5,,1.68,98.0,,0.0,0.0,1.0,,862
SP02,15.75,,1.63,94.0,,0.0,0.0,1.0,,986
SP02,16.0,9.0,2.28,111.0,,0.0,0.0,1.0,6.98,935
SP02,16.25,,2.96,214.0,,0.0,0.0,1.0,,838
SP02,16.5,,1.79,146.0,,0.0,0.0,1.0,,792
SP02,16.75,,1.87,92.0,,0.0,0.0,1.0,,876
SP02,17.0,8.0,1.56,92.0,,0.0,0.0,1.0,,531
SP02,17.25,,1.64,92.0,,0.0,0.0,1.0,,857
SP02,17.5,,1.78,89.0,,0.0,0.0,1.0,,908
SP02,17.75,,1.92,85.0,,0.0,0.0,1.0,,765
SP02,18.0,12.0,2.17,98.0,,0.0,0.0,1.0,,721
SP02,18.25,,2.44,131.0,,0.0,0.0,1.0,,676
SP02,18.5,,4.11,192.0,,0.0,0.0,1.0,,847
SP02,18.75,,6.53,264.0,,0.0,0.0,1.0,,526
SP02,19.0,14.0,5.35,310.0,,0.0,0.0,1.0,,954
SP02,19.25,,1.75,143.0,,0.0,0.0,1.0,,589
SP02,19.5,,1.77,114.0,,0.0,0.0,1.0,,636
SP02,19.75,,2.18,111.0,,0.0,0.0,1.0,,670
SP02,20.0,22.0,7.12,258.0,,0.0,0.0,1.0,,959
SP02,20.25,,7.51,289.0,,0.0,0.0,1.0,,952
SP02,20.5,,9.72,385.0,,0.0,0.0,1.0,,948
SP02,20.75,,13.28,455.0,,0.0,0.0,1.0,,580
SP02,21.0,,12.19,502.0,,0.0,0.0,1.0,,613
SP02,21.25,,,,,0.0,0.0,1.0,,738
SP02,21.5,,,,,0.0,0.0,1.0,,577
SP02,21.75,,,,,0.0,0.0,1.0,,640
SP02,22.0,,,,,0.0,0.0,1.0,,818
,,,,,,,,,,712
SP03,0.25,,1.63,73.0,,1.0,0.0,0.0,,666
SP03,0.5,,1.71,32.0,,1.0,0.0,0.0,,596
SP03,0.75,,3.5,47.0,,1.0,0.0,0.0,,933
SP03,1.0,1.5,4.66,73.0,,1.0,0.0,0.0,,760
SP03,1.25,,3.47,52.0,,1.0,0.0,0.0,,545
SP03,1.5,,2.65,7.0,,1.0,0.0,0.0,,637
SP03,1.75,,2.18,3.0,,1.0,0.0,0.0,,871
SP03,2.0,0.7,1.85,2.0,,1.0,0.0,0.0,3.11,660
SP03,2.25,,1.24,2.0,,1.0,0.0,0.0,,857
SP03,2.5,,1.31,0.0,,1.0,0.0,0.0,,625
SP03,2.75,,1.27,1.0,,1.0,0.0,0.0,,515
SP03,3.0,1.2,1.86,0.0,,1.0,0.0,0.0,,731
SP03,3.25,,2.43,0.0,,1.0,0.0,0.0,,757
SP03,3.5,,2.32,3.0,,1.0,0.0,0.0,,873
SP03,3.75,,2.75,1.0,,1.0,0.0,0.0,,702
SP03,4.0,2.0,3.55,7.0,,1.0,0.0,0.0,10.1,938
SP03,4.25,,3.23,5.0,,1.0,0.0,0.0,,767
SP03,4.5,,2.79,2.0,,1.0,0.0,0.0,,580
SP03,4.75,,2.48,0.0,,1.0,0.0,0.0,,558
SP03,5.0,4.0,2.48,0.0,,1.0,0.0,0.0,,802
SP03,5.25,,2.91,4.0,,1.0,0.0,0.0,,606
SP03,5.5,,3.34,4.0,,1.0,0.0,0.0,,709
SP03,5.75,,,6.0,,1.0,0.0,0.0,,594
SP03,6.0,8.0,3.69,10.0,,1.0,0.0,0.0,,920
SP03,6.25,,3.51,17.0,,0.0,1.0,0.0,,947
SP03,6.5,,3.89,39.0,,0.0,1.0,0.0,,583
SP03,6.75,,4.66,84.0,,0.0,1.0,0.0,,725
SP03,7.0,6.0,,91.0,,0.0,0.0,1.0,,614
SP03,7.25,,3.72,161.0,,0.0,0.0,1.0,,845
SP03,7.5,,3.45,166.0,,0.0,0.0,1.0,,633
SP03,7.75,,3.21,196.0,,0.0,0.0,1.0,,862
SP03,8.0,8.0,2.62,149.0,,0.0,0.0,1.0,11.65,639
SP03,8.25,,2.57,141.0,,0.0,0.0,1.0,,643
SP03,8.5,,2.41,170.0,,0.0,0.0,1.0,,784
SP03,8.75,,2.24,160.0,,0.0,0.0,1.0,,954
SP03,9.0,12.0,2.15,148.0,,0.0,0.0,1.0,,921
SP03,9.25,,2.32,158.0,,0.0,0.0,1.0,,551
SP03,9.5,,2.32,155.0,,0.0,0.0,1.0,,763
SP03,9.75,,2.17,150.0,,0.0,0.0,1.0,,808
SP03,10.0,14.0,1.89,141.0,,0.0,0.0,1.0,13.03,691
SP03,10.25,,2.37,167.0,,0.0,0.0,1.0,,599
SP03,10.5,,2.25,182.0,,0.0,0.0,1.0,,919
SP03,10.75,,2.26,155.0,,0.0,0.0,1.0,,520
SP03,11.0,14.0,2.07,166.0,,0.0,0.0,1.0,,861
SP03,11.25,,2.44,162.0,,0.0,0.0,1.0,,878
SP03,11.5,,2.29,167.0,,0.0,0.0,1.0,,912
SP03,11.75,,2.01,151.0,,0.0,0.0,1.0,,837
SP03,12.0,12.0,2.13,129.0,,0.0,0.0,1.0,13.06,882
SP03,12.25,,2.21,161.0,,0.0,0.0,1.0,,722
SP03,12.5,,2.1,132.0,,0.0,0.0,1.0,,912
SP03,12.75,,2.05,124.0,,0.0,0.0,1.0,,722
SP03,13.0,9.0,1.98,115.0,,0.0,0.0,1.0,,828
SP03,13.25,,2.04,122.0,,0.0,0.0,1.0,,994
SP03,13.5,,1.99,106.0,,0.0,0.0,1.0,,581
SP03,13.75,,1.93,103.0,,0.0,0.0,1.0,,570
SP03,14.0,15.0,1.68,94.0,,0.0,0.0,1.0,10.49,769
SP03,14.25,,1.77,105.0,,0.0,0.0,1.0,,970
SP03,14.5,,1.57,86.0,,0.0,0.0,1.0,,835
SP03,14.75,,1.75,83.0,,0.0,0.0,1.0,,691
SP03,15.0,14.0,1.74,70.0,,0.0,0.0,1.0,,680
SP03,15.25,,2.1,90.0,,0.0,0.0,1.0,,663
SP03,15.5,,1.82,61.0,,0.0,0.0,1.0,,868
SP03,15.75,,1.98,60.0,,0.0,0.0,1.0,,662
SP03,16.0,14.0,2.25,57.0,,0.0,0.0,1.0,6.98,577
SP03,16.25,,2.46,83.0,,0.0,0.0,1.0,,621
SP03,16.5,,2.27,84.0,,0.0,0.0,1.0,,654
SP03,16.75,,2.13,86.0,,0.0,0.0,1.0,,711
SP03,17.0,26.0,4.16,168.0,,0.0,0.0,1.0,,944
SP03,17.25,,2.99,147.0,,0.0,0.0,1.0,,697
SP03,17.5,,3.77,181.0,,0.0,0.0,1.0,,856
SP03,17.75,,3.18,184.0,,0.0,0.0,1.0,,778
SP03,18.0,32.0,3.18,150.0,,0.0,0.0,1.0,,995
SP03,18.25,,3.51,188.0,,0.0,0.0,1.0,,707
SP03,18.5,,3.54,170.0,,0.0,0.0,1.0,,697
SP03,18.75,,2.73,159.0,,0.0,0.0,1.0,,749
SP03,19.0,34.0,3.04,161.0,,0.0,0.0,1.0,,720
SP03,19.25,,2.7,161.0,,0.0,0.0,1.0,,744
SP03,19.5,,2.51,147.0,,0.0,0.0,1.0,,990
SP03,19.75,,2.49,116.0,,0.0,0.0,1.0,,628
SP03,20.0,,7.28,182.0,,0.0,0.0,1.0,,568
SP03,20.25,,14.49,408.0,,0.0,0.0,1.0,,855
SP03,20.5,,,,,0.0,0.0,1.0,,939
SP03,20.75,,,,,0.0,0.0,1.0,,978
SP03,21.0,,,,,0.0,0.0,1.0,,777
SP03,21.25,,,,,0.0,0.0,1.0,,573
SP03,21.5,,,,,0.0,0.0,1.0,,928
SP03,21.75,,,,,0.0,0.0,1.0,,839
SP03,22.0,,,,,0.0,0.0,1.0,,836
,,,,,,,,,,616
SP04,0.25,,4.09,200.0,,1.0,0.0,0.0,,763
SP04,0.5,,3.49,198.0,,1.0,0.0,0.0,,648
SP04,0.75,,3.59,119.0,,1.0,0.0,0.0,,845
SP04,1.0,1.5,2.43,24.0,,1.0,0.0,0.0,,575
SP04,1.25,,1.65,10.0,,1.0,0.0,0.0,,906
SP04,1.5,,1.31,1.0,,1.0,0.0,0.0,,681
SP04,1.75,,1.25,0.0,,1.0,0.0,0.0,,878
SP04,2.0,1.9,1.47,1.0,,1.0,0.0,0.0,3.11,618
SP04,2.25,,1.55,1.0,,1.0,0.0,0.0,,920
SP04,2.5,,1.33,0.0,,1.0,0.0,0.0,,852
SP04,2.75,,1.37,0.0,,1.0,0.0,0.0,,856
SP04,3.0,1.7,1.31,0.0,,1.0,0.0,0.0,,647
SP04,3.25,,1.54,0.0,,1.0,0.0,0.0,,692
SP04,3.5,,2.29,3.0,,1.0,0.0,0.0,,851
SP04,3.75,,2.41,3.0,,1.0,0.0,0.0,,901
SP04,4.0,2.7,2.16,2.0,,1.0,0.0,0.0,10.1,844
SP04,4.25,,2.72,17.0,,1.0,0.0,0.0,,549
SP04,4.5,,2.95,14.0,,1.0,0.0,0.0,,984
SP04,4.75,,2.83,10.0,,1.0,0.0,0.0,,713
SP04,5.0,5.0,2.98,27.0,,1.0,0.0,0.0,,972
SP04,5.25,,2.86,38.0,,1.0,0.0,0.0,,524
SP04,5.5,,3.05,58.0,,1.0,0.0,0.0,,612
SP04,5.75,,,16.0,,1.0,0.0,0.0,,608
SP04,6.0,7.0,2.62,31.0,,1.0,0.0,0.0,,574
SP04,6.25,,2.98,59.0,,0.0,1.0,0.0,,849
SP04,6.5,,3.27,87.0,,0.0,1.0,0.0,,592
SP04,6.75,,2.89,49.0,,0.0,1.0,0.0,,885
SP04,7.0,6.0,,60.0,,0.0,0.0,1.0,,795
SP04,7.25,,2.46,61.0,,0.0,0.0,1.0,,808
SP04,7.5,,2.5,71.0,,0.0,0.0,1.0,,888
SP04,7.75,,2.3,78.0,,0.0,0.0,1.0,,541
SP04,8.0,10.0,2.02,108.0,,0.0,0.0,1.0,11.65,981
SP04,8.25,,1.89,122.0,,0.0,0.0,1.0,,700
SP04,8.5,,1.75,93.0,,0.0,0.0,1.0,,692
SP04,8.75,,1.79,116.0,,0.0,0.0,1.0,,516
SP04,9.0,13.0,1.84,130.0,,0.0,0.0,1.0,,764
SP04,9.25,,1.84,132.0,,0.0,0.0,1.0,,668
SP04,9.5,,1.86,128.0,,0.0,0.0,1.0,,644
SP04,9.75,,1.9,126.0,,0.0,0.0,1.0,,953
SP04,10.0,18.0,1.7,123.0,,0.0,0.0,1.0,13.03,795
SP04,10.25,,1.72,107.0,,0.0,0.0,1.0,,648
SP04,10.5,,2.11,129.0,,0.0,0.0,1.0,,616
SP04,10.75,,1.8,121.0,,0.0,0.0,1.0,,802
SP04,11.0,20.0,1.86,131.0,,0.0,0.0,1.0,,697
SP04,11.25,,1.78,128.0,,0.0,0.0,1.0,,721
SP04,11.5,,2.01,138.0,,0.0,0.0,1.0,,837
SP04,11.75,,2.01,139.0,,0.0,0.0,1.0,,649
SP04,12.0,7.0,1.96,116.0,,0.0,0.0,1.0,13.06,715
SP04,12.25,,1.93,100.0,,0.0,0.0,1.0,,557
SP04,12.5,,1.91,100.0,,0.0,0.0,1.0,,993
SP04,12.75,,1.92,105.0,,0.0,0.0,1.0,,984
SP04,13.0,7.0,2.02,88.0,,0.0,0.0,1.0,,534
SP04,13.25,,1.96,68.0,,0.0,0.0,1.0,,733
SP04,13.5,,1.96,72.0,,0.0,0.0,1.0,,757
SP04,13.75,,2.25,86.0,,0.0,0.0,1.0,,829
SP04,14.0,9.0,2.37,73.0,,0.0,0.0,1.0,10.49,724
SP04,14.25,,2.45,73.0,,0.0,0.0,1.0,,924
SP04,14.5,,2.84,94.0,,0.0,0.0,1.0,,874
SP04,14.75,,3.47,167.0,,0.0,0.0,1.0,,972
SP04,15.0,10.0,4.12,125.0,,0.0,0.0,1.0,,680
SP04,15.25,,2.99,83.0,,0.0,0.0,1.0,,597
SP04,15.5,,3.0,103.0,,0.0,0.0,1.0,,505
SP04,15.75,,2.9,,,0.0,0.0,1.0,,682
SP04,16.0,18.0,,,,0.0,0.0,1.0,6.98,646
SP04,16.25,,,,,0.0,0.0,1.0,,651
SP04,16.5,,,,,0.0,0.0,1.0,,700
SP04,16.75,,,,,0.0,0.0,1.0,,541
SP04,17.0,21.0,,,,0.0,0.0,1.0,,848
SP04,17.25,,,,,0.0,0.0,1.0,,666
SP04,17.5,,,,,0.0,0.0,1.0,,777
SP04,17.75,,,,,0.0,0.0,1.0,,682
SP04,18.0,21.0,,,,0.0,0.0,1.0,,992
SP04,18.25,,,,,0.0,0.0,1.0,,866
SP04,18.5,,,,,0.0,0.0,1.0,,719
SP04,18.75,,,,,0.0,0.0,1.0,,612
SP04,19.0,25.0,,,,0.0,0.0,1.0,,837
SP04,19.25,,,,,0.0,0.0,1.0,,506
SP04,19.5,,,,,0.0,0.0,1.0,,916
SP04,19.75,,,,,0.0,0.0,1.0,,920
SP04,20.0,40.0,,,,0.0,0.0,1.0,,873
SP04,20.25,,,,,0.0,0.0,1.0,,609
SP04,20.5,,,,,0.0,0.0,1.0,,771
SP04,20.75,,,,,0.0,0.0,1.0,,579
SP04,21.0,,,,,0.0,0.0,1.0,,862
SP04,21.25,,,,,0.0,0.0,1.0,,874
SP04,21.5,,,,,0.0,0.0,1.0,,569
SP04,21.75,,,,,0.0,0.0,1.0,,894
SP04,22.0,,,,,0.0,0.0,1.0,,624
,,,,,,,,,,650
SP05,0.25,,1.95,37.0,,1.0,0.0,0.0,,587
SP05,0.5,,1.87,87.0,,1.0,0.0,0.0,,727
SP05,0.75,,1.53,57.0,,1.0,0.0,0.0,,703
SP05,1.0,2.0,1.15,17.0,,1.0,0.0,0.0,,789
SP05,1.25,,1.32,11.0,,1.0,0.0,0.0,,537
SP05,1.5,,1.21,10.0,,1.0,0.0,0.0,,733
SP05,1.75,,1.32,10.0,,1.0,0.0,0.0,,672
SP05,2.0,0.5,1.67,13.0,,1.0,0.0,0.0,3.11,564
SP05,2.25,,1.41,12.0,,1.0,0.0,0.0,,676
SP05,2.5,,1.82,26.0,,1.0,0.0,0.0,,781
SP05,2.75,,1.99,34.0,,1.0,0.0,0.0,,909
SP05,3.0,1.0,2.04,19.0,,1.0,0.0,0.0,,798
SP05,3.25,,2.4,32.0,,1.0,0.0,0.0,,848
SP05,3.5,,2.81,31.0,,1.0,0.0,0.0,,628
SP05,3.75,,2.83,30.0,,1.0,0.0,0.0,,826
SP05,4.0,3.0,2.42,65.0,,1.0,0.0,0.0,10.1,701
SP05,4.25,,2.21,42.0,,1.0,0.0,0.0,,753
SP05,4.5,,2.15,31.0,,1.0,0.0,0.0,,559
SP05,4.75,,2.51,33.0,,1.0,0.0,0.0,,567
SP05,5.0,4.0,2.83,50.0,,1.0,0.0,0.0,,765
SP05,5.25,,4.0,73.0,,1.0,0.0,0.0,,673
SP05,5.5,,3.11,454.0,,1.0,0.0,0.0,,813
SP05,5.75,,,67.0,,1.0,0.0,0.0,,913
SP05,6.0,3.0,2.58,115.0,,1.0,0.0,0.0,,510
SP05,6.25,,2.37,147.0,,0.0,1.0,0.0,,804
SP05,6.5,,2.28,155.0,,0.0,1.0,0.0,,990
SP05,6.75,,1.99,135.0,,0.0,1.0,0.0,,958
SP05,7.0,5.0,,113.0,,0.0,0.0,1.0,,798
SP05,7.25,,1.82,123.0,,0.0,0.0,1.0,,595
SP05,7.5,,1.92,124.0,,0.0,0.0,1.0,,983
SP05,7.75,,2.07,127.0,,0.0,0.0,1.0,,940
SP05,8.0,6.0,2.1,145.0,,0.0,0.0,1.0,11.65,725
SP05,8.25,,1.72,132.0,,0.0,0.0,1.0,,957
SP05,8.5,,1.72,134.0,,0.0,0.0,1.0,,900
SP05,8.75,,1.53,111.0,,0.0,0.0,1.0,,787
SP05,9.0,8.0,1.81,113.0,,0.0,0.0,1.0,,527
SP05,9.25,,1.65,122.0,,0.0,0.0,1.0,,960
SP05,9.5,,1.57,112.0,,0.0,0.0,1.0,,933
SP05,9.75,,2.04,123.0,,0.0,0.0,1.0,,553
SP05,10.0,10.0,1.97,118.0,,0.0,0.0,1.0,13.03,672
SP05,10.25,,2.19,124.0,,0.0,0.0,1.0,,568
SP05,10.5,,2.12,136.0,,0.0,0.0,1.0,,744
SP05,10.75,,2.14,136.0,,0.0,0.0,1.0,,710
SP05,11.0,7.0,2.09,133.0,,0.0,0.0,1.0,,614
SP05,11.25,,2.02,141.0,,0.0,0.0,1.0,,993
SP05,11.5,,2.14,152.0,,0.0,0.0,1.0,,858
SP05,11.75,,2.07,137.0,,0.0,0.0,1.0,,528
SP05,12.0,8.0,2.01,130.0,,0.0,0.0,1.0,13.06,785
SP05,12.25,,1.93,140.0,,0.0,0.0,1.0,,503
SP05,12.5,,1.91,115.0,,0.0,0.0,1.0,,804
SP05,12.75,,1.85,107.0,,0.0,0.0,1.0,,602
SP05,13.0,11.0,1.87,118.0,,0.0,0.0,1.0,,784
SP05,13.25,,1.84,116.0,,0.0,0.0,1.0,,911
SP05,13.5,,1.72,92.0,,0.0,0.0,1.0,,649
SP05,13.75,,1.84,79.0,,0.0,0.0,1.0,,922
SP05,14.0,9.0,1.71,78.0,,0.0,0.0,1.0,10.49,800
SP05,14.25,,1.81,92.0,,0.0,0.0,1.0,,620
SP05,14.5,,1.64,79.0,,0.0,0.0,1.0,,690
SP05,14.75,,1.69,69.0,,0.0,0.0,1.0,,605
SP05,15.0,12.0,1.8,65.0,,0.0,0.0,1.0,,661
SP05,15.25,,1.92,90.0,,0.0,0.0,1.0,,568
SP05,15.5,,1.97,82.0,,0.0,0.0,1.0,,543
SP05,15.75,,1.95,79.0,,0.0,0.0,1.0,,938
SP05,16.0,9.0,2.13,61.0,,0.0,0.0,1.0,6.98,694
SP05,16.25,,3.04,109.0,,0.0,0.0,1.0,,628
SP05,16.5,,2.58,149.0,,0.0,0.0,1.0,,762
SP05,16.75,,2.19,98.0,,0.0,0.0,1.0,,929
SP05,17.0,12.0,1.98,86.0,,0.0,0.0,1.0,,706
SP05,17.25,,2.42,104.0,,0.0,0.0,1.0,,611
SP05,17.5,,2.62,81.0,,0.0,0.0,1.0,,814
SP05,17.75,,2.84,84.0,,0.0,0.0,1.0,,630
SP05,18.0,11.0,3.11,109.0,,0.0,0.0,1.0,,853
SP05,18.25,,3.18,137.0,,0.0,0.0,1.0,,948
SP05,18.5,,3.15,133.0,,0.0,0.0,1.0,,574
SP05,18.75,,3.14,164.0,,0.0,0.0,1.0,,676
SP05,19.0,14.0,2.77,151.0,,0.0,0.0,1.0,,698
SP05,19.25,,2.73,135.0,,0.0,0.0,1.0,,670
SP05,19.5,,2.94,113.0,,0.0,0.0,1.0,,989
SP05,19.75,,14.05,224.0,,0.0,0.0,1.0,,917
SP05,20.0,15.0,22.97,608.0,,0.0,0.0,1.0,,792
SP05,20.25,,15.85,505.0,,0.0,0.0,1.0,,805
SP05,20.5,,6.36,466.0,,0.0,0.0,1.0,,711
SP05,20.75,,2.9,156.0,,0.0,0.0,1.0,,604
SP05,21.0,,2.89,139.0,,0.0,0.0,1.0,,593
SP05,21.25,,3.59,183.0,,0.0,0.0,1.0,,624
SP05,21.5,,4.02,243.0,,0.0,0.0,1.0,,594
SP05,21.75,,3.05,196.0,,0.0,0.0,1.0,,605
SP05,22.0,,2.92,154.0,,0.0,0.0,1.0,,522
,,,,,,,,,,679
SP06,0.25,,4.19,101.0,,1.0,0.0,0.0,,758
SP06,0.5,,1.97,122.0,,1.0,0.0,0.0,,933
SP06,0.75,,1.86,93.0,,1.0,0.0,0.0,,912
SP06,1.0,1.5,1.65,68.0,,1.0,0.0,0.0,,719
SP06,1.25,,1.51,45.0,,1.0,0.0,0.0,,501
SP06,1.5,,1.35,31.0,,1.0,0.0,0.0,,602
SP06,1.75,,1.41,21.0,,1.0,0.0,0.0,,882
SP06,2.0,2.0,1.35,14.0,,1.0,0.0,0.0,3.11,859
SP06,2.25,,1.28,13.0,,1.0,0.0,0.0,,715
SP06,2.5,,1.4,16.0,,1.0,0.0,0.0,,622
SP06,2.75,,1.68,18.0,,1.0,0.0,0.0,,525
SP06,3.0,4.0,1.68,16.0,,1.0,0.0,0.0,,597
SP06,3.25,,1.89,21.0,,1.0,0.0,0.0,,605
SP06,3.5,,1.81,27.0,,1.0,0.0,0.0,,675
SP06,3.75,,1.54,23.0,,1.0,0.0,0.0,,596
SP06,4.0,5.0,1.79,18.0,,1.0,0.0,0.0,10.1,619
SP06,4.25,,1.88,17.0,,1.0,0.0,0.0,,784
SP06,4.5,,1.61,14.0,,1.0,0.0,0.0,,961
SP06,4.75,,1.81,18.0,,1.0,0.0,0.0,,816
SP06,5.0,4.0,2.11,33.0,,1.0,0.0,0.0,,880
SP06,5.25,,2.46,57.0,,1.0,0.0,0.0,,518
SP06,5.5,,2.84,65.0,,1.0,0.0,0.0,,959
SP06,5.75,,,99.0,,1.0,0.0,0.0,,886
SP06,6.0,6.0,1.8,89.0,,1.0,0.0,0.0,,794
SP06,6.25,,2.4,120.0,,0.0,1.0,0.0,,842
SP06,6.5,,2.4,169.0,,0.0,1.0,0.0,,522
SP06,6.75,,2.06,158.0,,0.0,1.0,0.0,,637
SP06,7.0,6.0,,173.0,,0.0,0.0,1.0,,542
SP06,7.25,,1.8,158.0,,0.0,0.0,1.0,,813
SP06,7.5,,1.72,155.0,,0.0,0.0,1.0,,725
SP06,7.75,,1.58,142.0,,0.0,0.0,1.0,,734
SP06,8.0,7.0,1.62,138.0,,0.0,0.0,1.0,11.65,733
SP06,8.25,,1.79,142.0,,0.0,0.0,1.0,,735
SP06,8.5,,1.69,135.0,,0.0,0.0,1.0,,932
SP06,8.75,,1.8,130.0,,0.0,0.0,1.0,,574
SP06,9.0,7.0,1.7,129.0,,0.0,0.0,1.0,,521
SP06,9.25,,1.69,117.0,,0.0,0.0,1.0,,711
SP06,9.5,,1.64,122.0,,0.0,0.0,1.0,,628
SP06,9.75,,1.79,112.0,,0.0,0.0,1.0,,860
SP06,10.0,8.0,1.88,122.0,,0.0,0.0,1.0,13.03,641
SP06,10.25,,2.05,151.0,,0.0,0.0,1.0,,607
SP06,10.5,,1.55,130.0,,0.0,0.0,1.0,,543
SP06,10.75,,2.01,119.0,,0.0,0.0,1.0,,865
SP06,11.0,9.0,1.8,117.0,,0.0,0.0,1.0,,725
SP06,11.25,,2.09,144.0,,0.0,0.0,1.0,,911
SP06,11.5,,2.18,121.0,,0.0,0.0,1.0,,914
SP06,11.75,,2.03,133.0,,0.0,0.0,1.0,,763
SP06,12.0,10.0,1.87,129.0,,0.0,0.0,1.0,13.06,686
SP06,12.25,,2.02,159.0,,0.0,0.0,1.0,,903
SP06,12.5,,1.86,139.0,,0.0,0.0,1.0,,599
SP06,12.75,,1.82,132.0,,0.0,0.0,1.0,,858
SP06,13.0,10.0,1.63,117.0,,0.0,0.0,1.0,,657
SP06,13.25,,1.76,125.0,,0.0,0.0,1.0,,506
SP06,13.5,,1.86,123.0,,0.0,0.0,1.0,,741
SP06,13.75,,1.78,140.0,,0.0,0.0,1.0,,505
SP06,14.0,10.0,1.71,151.0,,0.0,0.0,1.0,10.49,601
SP06,14.25,,1.89,115.0,,0.0,0.0,1.0,,948
SP06,14.5,,1.86,103.0,,0.0,0.0,1.0,,889
SP06,14.75,,1.77,86.0,,0.0,0.0,1.0,,687
SP06,15.0,8.0,1.97,104.0,,0.0,0.0,1.0,,628
SP06,15.25,,1.98,,,0.0,0.0,1.0,,838
SP06,15.5,,1.77,,,0.0,0.0,1.0,,608
SP06,15.75,,1.64,,,0.0,0.0,1.0,,964
SP06,16.0,9.0,1.38,,,0.0,0.0,1.0,6.98,514
SP06,16.25,,1.62,,,0.0,0.0,1.0,,966
SP06,16.5,,1.69,,,0.0,0.0,1.0,,739
SP06,16.75,,1.9,,,0.0,0.0,1.0,,836
SP06,17.0,8.0,1.62,,,0.0,0.0,1.0,,718
SP06,17.25,,1.72,,,0.0,0.0,1.0,,550
SP06,17.5,,1.76,,,0.0,0.0,1.0,,517
SP06,17.75,,1.58,,,0.0,0.0,1.0,,610
SP06,18.0,10.0,1.64,,,0.0,0.0,1.0,,691
SP06,18.25,,1.81,,,0.0,0.0,1.0,,734
SP06,18.5,,2.1,,,0.0,0.0,1.0,,897
SP06,18.75,,4.65,,,0.0,0.0,1.0,,559
SP06,19.0,10.0,3.89,,,0.0,0.0,1.0,,823
SP06,19.25,,2.59,,,0.0,0.0,1.0,,945
SP06,19.5,,,,,0.0,0.0,1.0,,920
SP06,19.75,,,,,0.0,0.0,1.0,,922
SP06,20.0,25.0,,,,0.0,0.0,1.0,,544
SP06,20.25,,,,,0.0,0.0,1.0,,891
SP06,20.5,,,,,0.0,0.0,1.0,,970
SP06,20.75,,,,,0.0,0.0,1.0,,913
SP06,21.0,,,,,0.0,0.0,1.0,,702
SP06,21.25,,,,,0.0,0.0,1.0,,900
SP06,21.5,,,,,0.0,0.0,1.0,,991
SP06,21.75,,,,,0.0,0.0,1.0,,665
SP06,22.0,,,,,0.0,0.0,1.0,,949
,,,,,,,,,,569
SP07,0.25,,2.39,27.0,,1.0,0.0,0.0,,759
SP07,0.5,,2.0,23.0,,1.0,0.0,0.0,,537
SP07,0.75,,2.17,25.0,,1.0,0.0,0.0,,987
SP07,1.0,1.0,3.22,18.0,,1.0,0.0,0.0,,926
SP07,1.25,,3.07,11.0,,1.0,0.0,0.0,,656
SP07,1.5,,2.95,12.0,,1.0,0.0,0.0,,510
SP07,1.75,,2.52,12.0,,1.0,0.0,0.0,,919
SP07,2.0,1.2,2.13,9.0,,1.0,0.0,0.0,,823
SP07,2.25,,2.41,5.0,,1.0,0.0,0.0,,600
SP07,2.5,,2.22,5.0,,1.0,0.0,0.0,,784
SP07,2.75,,1.9,3.0,,1.0,0.0,0.0,,616
SP07,3.0,2.0,2.54,10.0,,1.0,0.0,0.0,3.11,654
SP07,3.25,,3.36,15.0,,1.0,0.0,0.0,,636
SP07,3.5,,2.46,9.0,,1.0,0.0,0.0,,725
SP07,3.75,,2.42,6.0,,1.0,0.0,0.0,,633
SP07,4.0,4.0,2.51,10.0,,1.0,0.0,0.0,,758
SP07,4.25,,2.41,8.0,,1.0,0.0,0.0,,890
SP07,4.5,,2.3,4.0,,1.0,0.0,0.0,,584
SP07,4.75,,2.79,15.0,,1.0,0.0,0.0,,517
SP07,5.0,3.0,3.13,44.0,,1.0,0.0,0.0,10.1,697
SP07,5.25,,3.17,46.0,,1.0,0.0,0.0,,971
SP07,5.5,,3.57,18.0,,1.0,0.0,0.0,,919
SP07,5.75,,,67.0,,1.0,0.0,0.0,,528
SP07,6.0,5.0,3.43,79.0,,1.0,0.0,0.0,,936
SP07,6.25,,3.58,79.0,,0.0,1.0,0.0,,653
SP07,6.5,,3.25,125.0,,0.0,1.0,0.0,,506
SP07,6.75,,3.13,139.0,,0.0,1.0,0.0,,872
SP07,7.0,6.0,,129.0,,0.0,0.0,1.0,,655
SP07,7.25,,2.48,85.0,,0.0,0.0,1.0,,967
SP07,7.5,,2.23,137.0,,0.0,0.0,1.0,,637
SP07,7.75,,2.11,162.0,,0.0,0.0,1.0,,646
SP07,8.0,5.0,1.97,117.0,,0.0,0.0,1.0,,695
SP07,8.25,,2.14,160.0,,0.0,0.0,1.0,,609
SP07,8.5,,1.83,152.0,,0.0,0.0,1.0,,827
SP07,8.75,,2.26,140.0,,0.0,0.0,1.0,,716
SP07,9.0,7.0,1.85,154.0,,0.0,0.0,1.0,11.65,756
SP07,9.25,,1.86,94.0,,0.0,0.0,1.0,,936
SP07,9.5,,1.94,79.0,,0.0,0.0,1.0,,760
SP07,9.75,,1.78,131.0,,0.0,0.0,1.0,,669
SP07,10.0,9.0,2.06,122.0,,0.0,0.0,1.0,,776
SP07,10.25,,2.11,144.0,,0.0,0.0,1.0,,984
SP07,10.5,,2.06,140.0,,0.0,0.0,1.0,,516
SP07,10.75,,2.02,137.0,,0.0,0.0,1.0,,546
SP07,11.0,10.0,2.12,135.0,,0.0,0.0,1.0,13.03,845
SP07,11.25,,1.98,147.0,,0.0,0.0,1.0,,720
SP07,11.5,,2.06,130.0,,0.0,0.0,1.0,,592
SP07,11.75,,1.93,131.0,,0.0,0.0,1.0,,649
SP07,12.0,9.0,2.1,120.0,,0.0,0.0,1.0,,761
SP07,12.25,,2.0,137.0,,0.0,0.0,1.0,,605
SP07,12.5,,1.97,117.0,,0.0,0.0,1.0,,868
SP07,12.75,,1.96,117.0,,0.0,0.0,1.0,,753
SP07,13.0,9.0,1.97,121.0,,0.0,0.0,1.0,13.06,553
SP07,13.25,,1.72,122.0,,0.0,0.0,1.0,,807
SP07,13.5,,1.59,89.0,,0.0,0.0,1.0,,917
SP07,13.75,,1.61,79.0,,0.0,0.0,1.0,,601
SP07,14.0,9.0,1.73,96.0,,0.0,0.0,1.0,,924
SP07,14.25,,1.63,97.0,,0.0,0.0,1.0,,930
SP07,14.5,,1.55,75.0,,0.0,0.0,1.0,,921
SP07,14.75,,1.54,67.0,,0.0,0.0,1.0,,713
SP07,15.0,11.0,1.61,69.0,,0.0,0.0,1.0,10.49,525
SP07,15.25,,1.65,114.0,,0.0,0.0,1.0,,531
SP07,15.5,,1.82,90.0,,0.0,0.0,1.0,,550
SP07,15.75,,1.52,84.0,,0.0,0.0,1.0,,799
SP07,16.0,6.0,1.61,84.0,,0.0,0.0,1.0,,627
SP07,16.25,,1.63,75.0,,0.0,0.0,1.0,,599
SP07,16.5,,1.57,68.0,,0.0,0.0,1.0,,988
SP07,16.75,,1.54,78.0,,0.0,0.0,1.0,,549
SP07,17.0,7.0,1.7,94.0,,0.0,0.0,1.0,6.98,751
SP07,17.25,,1.68,78.0,,0.0,0.0,1.0,,786
SP07,17.5,,1.59,69.0,,0.0,0.0,1.0,,956
SP07,17.75,,1.72,73.0,,0.0,0.0,1.0,,636
SP07,18.0,9.0,1.85,69.0,,0.0,0.0,1.0,,840
SP07,18.25,,1.66,87.0,,0.0,0.0,1.0,,541
SP07,18.5,,1.74,90.0,,0.0,0.0,1.0,,916
SP07,18.75,,1.83,179.0,,0.0,0.0,1.0,,962
SP07,19.0,14.0,2.33,266.0,,0.0,0.0,1.0,,934
SP07,19.25,,3.01,,,0.0,0.0,1.0,,878
SP07,19.5,,3.14,,,0.0,0.0,1.0,,664
SP07,19.75,,3.65,,,0.0,0.0,1.0,,605
SP07,20.0,14.0,4.29,,,0.0,0.0,1.0,,577
SP07,20.25,,,,,0.0,0.0,1.0,,974
SP07,20.5,,,,,0.0,0.0,1.0,,744
SP07,20.75,,,,,0.0,0.0,1.0,,794
SP07,21.0,,,,,0.0,0.0,1.0,,969
SP07,21.25,,,,,0.0,0.0,1.0,,778
SP07,21.5,,,,,0.0,0.0,1.0,,781
SP07,21.75,,,,,0.0,0.0,1.0,,508
SP07,22.0,,,,,0.0,0.0,1.0,,615
,,,,,,,,,,837
SP08,0.25,,3.81,77.0,,1.0,0.0,0.0,,710
SP08,0.5,,3.56,91.0,,1.0,0.0,0.0,,916
SP08,0.75,,3.59,41.0,2.0,1.0,0.0,0.0,,845
SP08,1.0,1.2,2.93,8.0,,1.0,0.0,0.0,,789
SP08,1.25,,2.37,5.0,,1.0,0.0,0.0,,849
SP08,1.5,,2.62,5.0,,1.0,0.0,0.0,,816
SP08,1.75,,2.46,6.0,3.0,1.0,0.0,0.0,,543
SP08,2.0,1.2,2.29,4.0,,1.0,0.0,0.0,3.11,970
SP08,2.25,,2.15,3.0,,1.0,0.0,0.0,,682
SP08,2.5,,2.08,1.0,,1.0,0.0,0.0,,532
SP08,2.75,,2.31,2.0,1.0,1.0,0.0,0.0,,950
SP08,3.0,2.0,2.41,4.0,,1.0,0.0,0.0,,851
SP08,3.25,,2.66,3.0,,1.0,0.0,0.0,,831
SP08,3.5,,2.99,9.0,,1.0,0.0,0.0,,614
SP08,3.75,,2.57,6.0,3.4,1.0,0.0,0.0,,619
SP08,4.0,5.0,2.61,10.0,,1.0,0.0,0.0,10.1,993
SP08,4.25,,2.51,7.0,,1.0,0.0,0.0,,786
SP08,4.5,,2.41,4.0,,1.0,0.0,0.0,,992
SP08,4.75,,1.53,1.0,6.0,1.0,0.0,0.0,,847
SP08,5.0,8.0,2.32,11.0,,1.0,0.0,0.0,,634
SP08,5.25,,2.87,41.0,,1.0,0.0,0.0,,993
SP08,5.5,,3.14,31.0,,1.0,0.0,0.0,,602
SP08,5.75,,,64.0,3.9,1.0,0.0,0.0,,554
SP08,6.0,4.0,3.66,51.0,,1.0,0.0,0.0,,582
SP08,6.25,,3.33,25.0,,0.0,1.0,0.0,,577
SP08,6.5,,2.89,37.0,,0.0,1.0,0.0,,618
SP08,6.75,,2.78,18.0,6.0,0.0,1.0,0.0,,663
SP08,7.0,6.0,,33.0,,0.0,0.0,1.0,,756
SP08,7.25,,2.72,56.0,,0.0,0.0,1.0,,706
SP08,7.5,,2.64,64.0,,0.0,0.0,1.0,,649
SP08,7.75,,2.59,54.0,8.0,0.0,0.0,1.0,,954
SP08,8.0,7.0,2.35,92.0,,0.0,0.0,1.0,11.65,742
SP08,8.25,,2.49,158.0,,0.0,0.0,1.0,,930
SP08,8.5,,2.48,156.0,,0.0,0.0,1.0,,906
SP08,8.75,,2.34,154.0,6.5,0.0,0.0,1.0,,962
SP08,9.0,7.0,2.25,152.0,,0.0,0.0,1.0,,614
SP08,9.25,,2.07,153.0,,0.0,0.0,1.0,,642
SP08,9.5,,2.18,161.0,,0.0,0.0,1.0,,505
SP08,9.75,,2.26,183.0,11.7,0.0,0.0,1.0,,588
SP08,10.0,9.0,1.94,147.0,,0.0,0.0,1.0,13.03,577
SP08,10.25,,2.28,175.0,,0.0,0.0,1.0,,943
SP08,10.5,,2.21,175.0,,0.0,0.0,1.0,,839
SP08,10.75,,2.38,175.0,11.0,0.0,0.0,1.0,,537
SP08,11.0,10.0,2.22,146.0,,0.0,0.0,1.0,,631
SP08,11.25,,2.18,141.0,,0.0,0.0,1.0,,942
SP08,11.5,,2.28,140.0,,0.0,0.0,1.0,,526
SP08,11.75,,2.07,142.0,9.8,0.0,0.0,1.0,,725
SP08,12.0,8.0,2.18,144.0,,0.0,0.0,1.0,13.06,723
SP08,12.25,,2.14,135.0,,0.0,0.0,1.0,,932
SP08,12.5,,1.92,123.0,,0.0,0.0,1.0,,912
SP08,12.75,,2.21,139.0,14.0,0.0,0.0,1.0,,503
SP08,13.0,8.0,2.1,124.0,,0.0,0.0,1.0,,968
SP08,13.25,,1.87,111.0,,0.0,0.0,1.0,,760
SP08,13.5,,1.87,102.0,,0.0,0.0,1.0,,576
SP08,13.75,,1.98,112.0,10.5,0.0,0.0,1.0,,583
SP08,14.0,8.0,1.81,104.0,,0.0,0.0,1.0,10.49,743
SP08,14.25,,1.7,86.0,,0.0,0.0,1.0,,707
SP08,14.5,,1.67,89.0,,0.0,0.0,1.0,,693
SP08,14.75,,1.67,102.0,12.0,0.0,0.0,1.0,,573
SP08,15.0,28.0,1.67,88.0,,0.0,0.0,1.0,,733
SP08,15.25,,1.49,62.0,,0.0,0.0,1.0,,574
SP08,15.5,,1.41,82.0,,0.0,0.0,1.0,,764
SP08,15.75,,1.56,51.0,17.0,0.0,0.0,1.0,,629
SP08,16.0,30.0,1.53,62.0,,0.0,0.0,1.0,6.98,637
SP08,16.25,,1.46,60.0,,0.0,0.0,1.0,,983
SP08,16.5,,1.42,53.0,,0.0,0.0,1.0,,727
SP08,16.75,,1.51,50.0,25.0,0.0,0.0,1.0,,849
SP08,17.0,29.0,1.54,59.0,,0.0,0.0,1.0,,618
SP08,17.25,,1.67,62.0,,0.0,0.0,1.0,,813
SP08,17.5,,1.42,45.0,,0.0,0.0,1.0,,653
SP08,17.75,,1.41,41.0,58.4,0.0,0.0,1.0,,980
SP08,18.0,42.0,1.55,60.0,,0.0,0.0,1.0,,835
SP08,18.25,,1.38,57.0,,0.0,0.0,1.0,,557
SP08,18.5,,1.28,72.0,,0.0,0.0,1.0,,801
SP08,18.75,,1.56,55.0,88.4,0.0,0.0,1.0,,990
SP08,19.0,50.0,1.54,82.0,,0.0,0.0,1.0,,724
SP08,19.25,,1.81,79.0,,0.0,0.0,1.0,,967
SP08,19.5,,1.93,89.0,,0.0,0.0,1.0,,657
SP08,19.75,,1.78,104.0,88.4,0.0,0.0,1.0,,833
SP08,20.0,,2.17,180.0,,0.0,0.0,1.0,,646
SP08,20.25,,2.26,,,0.0,0.0,1.0,,947
SP08,20.5,,,,,0.0,0.0,1.0,,944
SP08,20.75,,,,,0.0,0.0,1.0,,512
SP08,21.0,,,,,0.0,0.0,1.0,,822
SP08,21.25,,,,,0.0,0.0,1.0,,782
SP08,21.5,,,,,0.0,0.0,1.0,,641
SP08,21.75,,,,,0.0,0.0,1.0,,805
SP08,22.0,,,,,0.0,0.0,1.0,,911
,,,,,,,,,,625
SP09,0.25,,2.38,58.0,,1.0,0.0,0.0,,509
SP09,0.5,,2.12,32.0,,1.0,0.0,0.0,,972
SP09,0.75,,0.47,4.0,2.0,1.0,0.0,0.0,,772
SP09,1.0,10.0,0.52,0.0,,1.0,0.0,0.0,,698
SP09,1.25,,2.56,5.0,,1.0,0.0,0.0,,704
SP09,1.5,,1.94,1.0,,1.0,0.0,0.0,,664
SP09,1.75,,2.5,4.0,0.8,1.0,0.0,0.0,,796
SP09,2.0,1.8,2.41,6.0,,1.0,0.0,0.0,3.11,865
SP09,2.25,,1.86,4.0,,1.0,0.0,0.0,,867
SP09,2.5,,2.17,2.0,,1.0,0.0,0.0,,605
SP09,2.75,,2.37,4.0,1.0,1.0,0.0,0.0,,638
SP09,3.0,3.1,2.44,3.0,,1.0,0.0,0.0,,876
SP09,3.25,,2.77,10.0,,1.0,0.0,0.0,,767
SP09,3.5,,3.08,9.0,,1.0,0.0,0.0,,973
SP09,3.75,,2.38,5.0,1.0,1.0,0.0,0.0,,742
SP09,4.0,4.0,2.54,12.0,,1.0,0.0,0.0,10.1,838
SP09,4.25,,3.01,11.0,,1.0,0.0,0.0,,967
SP09,4.5,,3.13,19.0,,1.0,0.0,0.0,,821
SP09,4.75,,2.84,11.0,1.5,1.0,0.0,0.0,,959
SP09,5.0,5.0,2.51,6.0,,1.0,0.0,0.0,,911
SP09,5.25,,2.62,7.0,,1.0,0.0,0.0,,713
SP09,5.5,,2.77,17.0,,1.0,0.0,0.0,,643
SP09,5.75,,,44.0,1.8,1.0,0.0,0.0,,552
SP09,6.0,6.9,3.14,37.0,,1.0,0.0,0.0,,546
SP09,6.25,,3.32,40.0,,0.0,1.0,0.0,,728
SP09,6.5,,3.52,65.0,,0.0,1.0,0.0,,701
SP09,6.75,,3.26,111.0,2.8,0.0,1.0,0.0,,788
SP09,7.0,8.2,,93.0,,0.0,0.0,1.0,,768
SP09,7.25,,2.59,113.0,,0.0,0.0,1.0,,791
SP09,7.5,,2.48,135.0,,0.0,0.0,1.0,,862
SP09,7.75,,2.56,149.0,3.8,0.0,0.0,1.0,,710
SP09,8.0,7.0,2.45,164.0,,0.0,0.0,1.0,11.65,750
SP09,8.25,,2.25,143.0,,0.0,0.0,1.0,,865
SP09,8.5,,2.07,147.0,,0.0,0.0,1.0,,639
SP09,8.75,,2.34,163.0,5.6,0.0,0.0,1.0,,848
SP09,9.0,6.8,2.08,169.0,,0.0,0.0,1.0,,840
SP09,9.25,,2.44,174.0,,0.0,0.0,1.0,,736
SP09,9.5,,2.59,183.0,,0.0,0.0,1.0,,561
SP09,9.75,,2.15,171.0,10.0,0.0,0.0,1.0,,930
SP09,10.0,10.0,1.92,161.0,,0.0,0.0,1.0,13.03,817
SP09,10.25,,2.13,157.0,,0.0,0.0,1.0,,617
SP09,10.5,,2.11,168.0,,0.0,0.0,1.0,,765
SP09,10.75,,1.65,147.0,10.8,0.0,0.0,1.0,,524
SP09,11.0,12.4,2.15,134.0,,0.0,0.0,1.0,,965
SP09,11.25,,2.15,183.0,,0.0,0.0,1.0,,666
SP09,11.5,,2.02,171.0,,0.0,0.0,1.0,,855
SP09,11.75,,2.24,158.0,10.5,0.0,0.0,1.0,,570
SP09,12.0,9.7,2.2,177.0,,0.0,0.0,1.0,13.06,548
SP09,12.25,,2.09,186.0,,0.0,0.0,1.0,,731
SP09,12.5,,2.09,166.0,,0.0,0.0,1.0,,912
SP09,12.75,,1.9,162.0,10.0,0.0,0.0,1.0,,733
SP09,13.0,9.7,1.9,153.0,,0.0,0.0,1.0,,500
SP09,13.25,,1.92,150.0,,0.0,0.0,1.0,,576
SP09,13.5,,1.88,138.0,,0.0,0.0,1.0,,619
SP09,13.75,,1.84,132.0,8.2,0.0,0.0,1.0,,991
SP09,14.0,9.1,1.73,131.0,,0.0,0.0,1.0,10.49,798
SP09,14.25,,1.78,138.0,,0.0,0.0,1.0,,904
SP09,14.5,,1.68,117.0,,0.0,0.0,1.0,,526
SP09,14.75,,1.64,116.0,10.0,0.0,0.0,1.0,,558
SP09,15.0,6.0,1.54,114.0,,0.0,0.0,1.0,,732
SP09,15.25,,1.6,71.0,,0.0,0.0,1.0,,594
SP09,15.5,,1.65,73.0,,0.0,0.0,1.0,,576
SP09,15.75,,1.63,81.0,18.0,0.0,0.0,1.0,,614
SP09,16.0,11.8,1.58,64.0,,0.0,0.0,1.0,6.98,960
SP09,16.25,,1.66,63.0,,0.0,0.0,1.0,,660
SP09,16.5,,1.65,64.0,,0.0,0.0,1.0,,706
SP09,16.75,,1.4,79.0,28.0,0.0,0.0,1.0,,902
SP09,17.0,24.6,1.73,70.0,,0.0,0.0,1.0,,544
SP09,17.25,,1.8,73.0,,0.0,0.0,1.0,,701
SP09,17.5,,1.55,67.0,,0.0,0.0,1.0,,856
SP09,17.75,,1.62,63.0,28.0,0.0,0.0,1.0,,535
SP09,18.0,21.0,1.66,50.0,,0.0,0.0,1.0,,977
SP09,18.25,,1.82,48.0,,0.0,0.0,1.0,,873
SP09,18.5,,1.76,65.0,,0.0,0.0,1.0,,930
SP09,18.75,,1.55,72.0,32.0,0.0,0.0,1.0,,513
SP09,19.0,29.0,1.81,63.0,,0.0,0.0,1.0,,983
SP09,19.25,,1.99,88.0,,0.0,0.0,1.0,,595
SP09,19.5,,1.93,86.0,,0.0,0.0,1.0,,823
SP09,19.75,,1.73,68.0,49.4,0.0,0.0,1.0,,686
SP09,20.0,46.0,2.06,77.0,,0.0,0.0,1.0,,556
SP09,20.25,,2.04,84.0,,0.0,0.0,1.0,,760
SP09,20.5,,2.54,,,0.0,0.0,1.0,,631
SP09,20.75,,3.17,,51.9,0.0,0.0,1.0,,652
SP09,21.0,,3.18,,,0.0,0.0,1.0,,599
SP09,21.25,,3.58,,,0.0,0.0,1.0,,567
SP09,21.5,,2.48,,,0.0,0.0,1.0,,516
SP09,21.75,,2.61,,,0.0,0.0,1.0,,523
SP09,22.0,,3.09,,,0.0,0.0,1.0,,665
,,,,,,,,,,680
SP10,0.25,,,,,1.0,0.0,0.0,,555
SP10,0.5,,,,,1.0,0.0,0.0,,852
SP10,0.75,,,,1.7,1.0,0.0,0.0,,934
SP10,1.0,3.2,,,,1.0,0.0,0.0,,575
SP10,1.25,,,,,1.0,0.0,0.0,,737
SP10,1.5,,,,,1.0,0.0,0.0,,762
SP10,1.75,,,,2.5,1.0,0.0,0.0,,572
SP10,2.0,2.5,,,,1.0,0.0,0.0,3.11,694
SP10,2.25,,,,,1.0,0.0,0.0,,729
SP10,2.5,,,,,1.0,0.0,0.0,,875
SP10,2.75,,,,1.7,1.0,0.0,0.0,,790
SP10,3.0,2.8,,,,1.0,0.0,0.0,,760
SP10,3.25,,,,,1.0,0.0,0.0,,788
SP10,3.5,,,,,1.0,0.0,0.0,,840
SP10,3.75,,,,4.0,1.0,0.0,0.0,,536
SP10,4.0,3.9,,,,1.0,0.0,0.0,10.1,982
SP10,4.25,,,,,1.0,0.0,0.0,,662
SP10,4.5,,,,,1.0,0.0,0.0,,637
SP10,4.75,,,,3.6,1.0,0.0,0.0,,795
SP10,5.0,3.9,,,,1.0,0.0,0.0,,905
SP10,5.25,,,,,1.0,0.0,0.0,,893
SP10,5.5,,,,,1.0,0.0,0.0,,580
SP10,5.75,,,,4.0,1.0,0.0,0.0,,914
SP10,6.0,5.6,,,,1.0,0.0,0.0,,665
SP10,6.25,,,,,0.0,1.0,0.0,,666
SP10,6.5,,,,,0.0,1.0,0.0,,654
SP10,6.75,,,,3.6,0.0,1.0,0.0,,839
SP10,7.0,5.5,,,,0.0,0.0,1.0,,716
SP10,7.25,,,,,0.0,0.0,1.0,,960
SP10,7.5,,,,,0.0,0.0,1.0,,811
SP10,7.75,,,,5.7,0.0,0.0,1.0,,613
SP10,8.0,5.8,,,,0.0,0.0,1.0,11.65,949
SP10,8.25,,,,,0.0,0.0,1.0,,595
SP10,8.5,,,,,0.0,0.0,1.0,,509
SP10,8.75,,,,5.7,0.0,0.0,1.0,,666
SP10,9.0,6.6,,,,0.0,0.0,1.0,,883
SP10,9.25,,,,,0.0,0.0,1.0,,895
SP10,9.5,,,,,0.0,0.0,1.0,,647
SP10,9.75,,,,8.0,0.0,0.0,1.0,,897
SP10,10.0,7.0,,,,0.0,0.0,1.0,13.03,810
SP10,10.25,,,,,0.0,0.0,1.0,,636
SP10,10.5,,,,,0.0,0.0,1.0,,970
SP10,10.75,,,,8.8,0.0,0.0,1.0,,849
SP10,11.0,8.4,,,,0.0,0.0,1.0,,744
SP10,11.25,,,,,0.0,0.0,1.0,,858
SP10,11.5,,,,,0.0,0.0,1.0,,582
SP10,11.75,,,,12.0,0.0,0.0,1.0,,677
SP10,12.0,11.0,,,,0.0,0.0,1.0,13.06,806
SP10,12.25,,,,,0.0,0.0,1.0,,603
SP10,12.5,,,,,0.0,0.0,1.0,,876
SP10,12.75,,,,9.8,0.0,0.0,1.0,,541
SP10,13.0,7.9,,,,0.0,0.0,1.0,,708
SP10,13.25,,,,,0.0,0.0,1.0,,720
SP10,13.5,,,,,0.0,0.0,1.0,,972
SP10,13.75,,,,10.0,0.0,0.0,1.0,,578
SP10,14.0,8.2,,,,0.0,0.0,1.0,10.49,868
SP10,14.25,,,,,0.0,0.0,1.0,,820
SP10,14.5,,,,,0.0,0.0,1.0,,774
SP10,14.75,,,,13.0,0.0,0.0,1.0,,918
SP10,15.0,9.3,,,,0.0,0.0,1.0,,963
SP10,15.25,,,,,0.0,0.0,1.0,,502
SP10,15.5,,,,,0.0,0.0,1.0,,876
SP10,15.75,,,,14.4,0.0,0.0,1.0,,647
SP10,16.0,9.0,,,,0.0,0.0,1.0,6.98,803
SP10,16.25,,,,,0.0,0.0,1.0,,716
SP10,16.5,,,,,0.0,0.0,1.0,,505
SP10,16.75,,,,21.5,0.0,0.0,1.0,,962
SP10,17.0,15.5,,,,0.0,0.0,1.0,,995
SP10,17.25,,,,,0.0,0.0,1.0,,631
SP10,17.5,,,,,0.0,0.0,1.0,,559
SP10,17.75,,,,30.0,0.0,0.0,1.0,,965
SP10,18.0,23.0,,,,0.0,0.0,1.0,,713
SP10,18.25,,,,,0.0,0.0,1.0,,654
SP10,18.5,,,,,0.0,0.0,1.0,,762
SP10,18.75,,,,30.0,0.0,0.0,1.0,,568
SP10,19.0,21.0,,,,0.0,0.0,1.0,,995
SP10,19.25,,,,,0.0,0.0,1.0,,513
SP10,19.5,,,,,0.0,0.0,1.0,,534
SP10,19.75,,,,59.6,0.0,0.0,1.0,,661
SP10,20.0,71.1,,,,0.0,0.0,1.0,,558
SP10,20.25,,,,,0.0,0.0,1.0,,847
SP10,20.5,,,,,0.0,0.0,1.0,,552
SP10,20.75,,,,45.0,0.0,0.0,1.0,,852
SP10,21.0,,,,,0.0,0.0,1.0,,757
SP10,21.25,,,,,0.0,0.0,1.0,,604
SP10,21.5,,,,,0.0,0.0,1.0,,721
SP10,21.75,,,,23.5,0.0,0.0,1.0,,947
SP10,22.0,,,,,0.0,0.0,1.0,,694
,,,,,,,,,,637
SP11,0.25,,,,,1.0,0.0,0.0,,978
SP11,0.5,,,,,1.0,0.0,0.0,,625
SP11,0.75,,,,1.6,1.0,0.0,0.0,,519
SP11,1.0,1.8,,,,1.0,0.0,0.0,,622
SP11,1.25,,,,,1.0,0.0,0.0,,731
SP11,1.5,,,,,1.0,0.0,0.0,,999
SP11,1.75,,,,2.0,1.0,0.0,0.0,,938
SP11,2.0,3.9,,,,1.0,0.0,0.0,3.11,933
SP11,2.25,,,,,1.0,0.0,0.0,,855
SP11,2.5,,,,,1.0,0.0,0.0,,796
SP11,2.75,,,,2.8,1.0,0.0,0.0,,540
SP11,3.0,3.8,,,,1.0,0.0,0.0,,822
SP11,3.25,,,,,1.0,0.0,0.0,,699
SP11,3.5,,,,,1.0,0.0,0.0,,827
SP11,3.75,,,,4.0,1.0,0.0,0.0,,734
SP11,4.0,4.8,,,,1.0,0.0,0.0,10.1,936
SP11,4.25,,,,,1.0,0.0,0.0,,647
SP11,4.5,,,,,1.0,0.0,0.0,,870
SP11,4.75,,,,3.6,1.0,0.0,0.0,,597
SP11,5.0,7.7,,,,1.0,0.0,0.0,,596
SP11,5.25,,,,,1.0,0.0,0.0,,878
SP11,5.5,,,,,1.0,0.0,0.0,,566
SP11,5.75,,,,3.9,1.0,0.0,0.0,,663
SP11,6.0,4.4,,,,1.0,0.0,0.0,,624
SP11,6.25,,,,,0.0,1.0,0.0,,951
SP11,6.5,,,,,0.0,1.0,0.0,,857
SP11,6.75,,,,6.0,0.0,1.0,0.0,,520
SP11,7.0,3.8,,,,0.0,0.0,1.0,,622
SP11,7.25,,,,,0.0,0.0,1.0,,974
SP11,7.5,,,,,0.0,0.0,1.0,,932
SP11,7.75,,,,6.9,0.0,0.0,1.0,,663
SP11,8.0,4.0,,,,0.0,0.0,1.0,11.65,706
SP11,8.25,,,,,0.0,0.0,1.0,,592
SP11,8.5,,,,,0.0,0.0,1.0,,995
SP11,8.75,,,,12.0,0.0,0.0,1.0,,628
SP11,9.0,6.7,,,,0.0,0.0,1.0,,647
SP11,9.25,,,,,0.0,0.0,1.0,,985
SP11,9.5,,,,,0.0,0.0,1.0,,820
SP11,9.75,,,,10.0,0.0,0.0,1.0,,919
SP11,10.0,7.0,,,,0.0,0.0,1.0,13.03,938
SP11,10.25,,,,,0.0,0.0,1.0,,543
SP11,10.5,,,,,0.0,0.0,1.0,,579
SP11,10.75,,,,9.0,0.0,0.0,1.0,,921
SP11,11.0,7.0,,,,0.0,0.0,1.0,,607
SP11,11.25,,,,,0.0,0.0,1.0,,745
SP11,11.5,,,,,0.0,0.0,1.0,,969
SP11,11.75,,,,7.8,0.0,0.0,1.0,,539
SP11,12.0,7.5,,,,0.0,0.0,1.0,13.06,851
SP11,12.25,,,,,0.0,0.0,1.0,,892
SP11,12.5,,,,,0.0,0.0,1.0,,928
SP11,12.75,,,,9.8,0.0,0.0,1.0,,628
SP11,13.0,6.2,,,,0.0,0.0,1.0,,697
SP11,13.25,,,,,0.0,0.0,1.0,,921
SP11,13.5,,,,,0.0,0.0,1.0,,901
SP11,13.75,,,,14.7,0.0,0.0,1.0,,653
SP11,14.0,6.4,,,,0.0,0.0,1.0,10.49,656
SP11,14.25,,,,,0.0,0.0,1.0,,708
SP11,14.5,,,,,0.0,0.0,1.0,,874
SP11,14.75,,,,19.0,0.0,0.0,1.0,,599
SP11,15.0,8.0,,,,0.0,0.0,1.0,,917
SP11,15.25,,,,,0.0,0.0,1.0,,637
SP11,15.5,,,,,0.0,0.0,1.0,,876
SP11,15.75,,,,20.0,0.0,0.0,1.0,,791
SP11,16.0,8.7,,,,0.0,0.0,1.0,6.98,628
SP11,16.25,,,,,0.0,0.0,1.0,,628
SP11,16.5,,,,,0.0,0.0,1.0,,538
SP11,16.75,,,,25.0,0.0,0.0,1.0,,653
SP11,17.0,9.7,,,,0.0,0.0,1.0,,891
SP11,17.25,,,,,0.0,0.0,1.0,,941
SP11,17.5,,,,,0.0,0.0,1.0,,621
SP11,17.75,,,,24.5,0.0,0.0,1.0,,737
SP11,18.0,15.0,,,,0.0,0.0,1.0,,520
SP11,18.25,,,,,0.0,0.0,1.0,,550
SP11,18.5,,,,,0.0,0.0,1.0,,648
SP11,18.75,,,,20.0,0.0,0.0,1.0,,625
SP11,19.0,17.4,,,,0.0,0.0,1.0,,948
SP11,19.25,,,,,0.0,0.0,1.0,,925
SP11,19.5,,,,,0.0,0.0,1.0,,522
SP11,19.75,,,,,0.0,0.0,1.0,,997
SP11,20.0,13.0,,,,0.0,0.0,1.0,,842
SP11,20.25,,,,,0.0,0.0,1.0,,644
SP11,20.5,,,,,0.0,0.0,1.0,,517
SP11,20.75,,,,,0.0,0.0,1.0,,769
SP11,21.0,21.0,,,,0.0,0.0,1.0,,848
SP11,21.25,,,,,0.0,0.0,1.0,,514
SP11,21.5,,,,,0.0,0.0,1.0,,843
SP11,21.75,,,,,0.0,0.0,1.0,,727
SP11,22.0,27.1,,,,0.0,0.0,1.0,,982
,,,,,,,,,,973
SP12,0.25,,,,,1.0,0.0,0.0,,672
SP12,0.5,,,,,1.0,0.0,0.0,,725
SP12,0.75,,,,,1.0,0.0,0.0,,727
SP12,1.0,2.1,,,,1.0,0.0,0.0,,728
SP12,1.25,,,,,1.0,0.0,0.0,,664
SP12,1.5,,,,,1.0,0.0,0.0,,521
SP12,1.75,,,,,1.0,0.0,0.0,,533
SP12,2.0,5.8,,,,1.0,0.0,0.0,3.11,914
SP12,2.25,,,,,1.0,0.0,0.0,,766
SP12,2.5,,,,,1.0,0.0,0.0,,840
SP12,2.75,,,,,1.0,0.0,0.0,,577
SP12,3.0,0.9,,,,1.0,0.0,0.0,,685
SP12,3.25,,,,,1.0,0.0,0.0,,895
SP12,3.5,,,,,1.0,0.0,0.0,,933
SP12,3.75,,,,,1.0,0.0,0.0,,849
SP12,4.0,4.1,,,,1.0,0.0,0.0,10.1,906
SP12,4.25,,,,,1.0,0.0,0.0,,820
SP12,4.5,,,,,1.0,0.0,0.0,,960
SP12,4.75,,,,,1.0,0.0,0.0,,969
SP12,5.0,5.0,,,,1.0,0.0,0.0,,765
SP12,5.25,,,,,1.0,0.0,0.0,,834
SP12,5.5,,,,,1.0,0.0,0.0,,840
SP12,5.75,,,,,1.0,0.0,0.0,,821
SP12,6.0,5.5,,,,0.0,1.0,0.0,,789
SP12,6.25,,,,,0.0,1.0,0.0,,520
SP12,6.5,,,,,0.0,1.0,0.0,,864
SP12,6.75,,,,,0.0,0.0,1.0,,701
SP12,7.0,6.0,,,,0.0,0.0,1.0,,868
SP12,7.25,,,,,0.0,0.0,1.0,,522
SP12,7.5,,,,,0.0,0.0,1.0,,604
SP12,7.75,,,,,0.0,0.0,1.0,,935
SP12,8.0,7.0,,,,0.0,0.0,1.0,11.65,684
SP12,8.25,,,,,0.0,0.0,1.0,,747
SP12,8.5,,,,,0.0,0.0,1.0,,799
SP12,8.75,,,,,0.0,0.0,1.0,,935
SP12,9.0,5.5,,,,0.0,0.0,1.0,,959
SP12,9.25,,,,,0.0,0.0,1.0,,939
SP12,9.5,,,,,0.0,0.0,1.0,,903
SP12,9.75,,,,,0.0,0.0,1.0,,936
SP12,10.0,8.3,,,,0.0,0.0,1.0,13.03,867
SP12,10.25,,,,,0.0,0.0,1.0,,880
SP12,10.5,,,,,0.0,0.0,1.0,,530
SP12,10.75,,,,,0.0,0.0,1.0,,974
SP12,11.0,6.6,,,,0.0,0.0,1.0,,627
SP12,11.25,,,,,0.0,0.0,1.0,,505
SP12,11.5,,,,,0.0,0.0,1.0,,554
SP12,11.75,,,,,0.0,0.0,1.0,,740
SP12,12.0,6.0,,,,0.0,0.0,1.0,13.06,597
SP12,12.25,,,,,0.0,0.0,1.0,,641
SP12,12.5,,,,,0.0,0.0,1.0,,719
SP12,12.75,,,,,0.0,0.0,1.0,,958
SP12,13.0,7.5,,,,0.0,0.0,1.0,,609
SP12,13.25,,,,,0.0,0.0,1.0,,599
SP12,13.5,,,,,0.0,0.0,1.0,,837
SP12,13.75,,,,,0.0,0.0,1.0,,556
SP12,14.0,6.2,,,,0.0,0.0,1.0,10.49,785
SP12,14.25,,,,,0.0,0.0,1.0,,565
SP12,14.5,,,,,0.0,0.0,1.0,,850
SP12,14.75,,,,,0.0,0.0,1.0,,987
SP12,15.0,6.6,,,,0.0,0.0,1.0,,706
SP12,15.25,,,,,0.0,0.0,1.0,,797
SP12,15.5,,,,,0.0,0.0,1.0,,730
SP12,15.75,,,,,0.0,0.0,1.0,,635
SP12,16.0,10.0,,,,0.0,0.0,1.0,6.98,500
SP12,16.25,,,,,0.0,0.0,1.0,,562
SP12,16.5,,,,,0.0,0.0,1.0,,533
SP12,16.75,,,,,0.0,0.0,1.0,,526
SP12,17.0,16.0,,,,0.0,0.0,1.0,,601
SP12,17.25,,,,,0.0,0.0,1.0,,948
SP12,17.5,,,,,0.0,0.0,1.0,,738
SP12,17.75,,,,,0.0,0.0,1.0,,887
SP12,18.0,62.7,,,,0.0,0.0,1.0,,833
SP12,18.25,,,,,0.0,0.0,1.0,,584
SP12,18.5,,,,,0.0,0.0,1.0,,769
SP12,18.75,,,,,0.0,0.0,1.0,,589
SP12,19.0,80.8,,,,0.0,0.0,1.0,,784
SP12,19.25,,,,,0.0,0.0,1.0,,588
SP12,19.5,,,,,0.0,0.0,1.0,,984
SP12,19.75,,,,,0.0,0.0,1.0,,623
SP12,20.0,65.3,,,,0.0,0.0,1.0,,951
SP12,20.25,,,,,0.0,0.0,1.0,,626
SP12,20.5,,,,,0.0,0.0,1.0,,853
SP12,20.75,,,,,0.0,0.0,1.0,,805
SP12,21.0,,,,,0.0,0.0,1.0,,622
SP12,21.25,,,,,0.0,0.0,1.0,,584
SP12,21.5,,,,,0.0,0.0,1.0,,982
SP12,21.75,,,,,0.0,0.0,1.0,,945
SP12,22.0,,,,,0.0,0.0,1.0,,652
,,,,,,,,,,505
SP13,0.25,,,,,1.0,0.0,0.0,,665
SP13,0.5,,,,,1.0,0.0,0.0,,647
SP13,0.75,,,,2.5,1.0,0.0,0.0,,849
SP13,1.0,3.1,,,,1.0,0.0,0.0,,558
SP13,1.25,,,,,1.0,0.0,0.0,,505
SP13,1.5,,,,,1.0,0.0,0.0,,505
SP13,1.75,,,,1.4,1.0,0.0,0.0,,690
SP13,2.0,2.2,,,,1.0,0.0,0.0,3.11,522
SP13,2.25,,,,,1.0,0.0,0.0,,833
SP13,2.5,,,,,1.0,0.0,0.0,,990
SP13,2.75,,,,2.2,1.0,0.0,0.0,,543
SP13,3.0,1.9,,,,1.0,0.0,0.0,,760
SP13,3.25,,,,,1.0,0.0,0.0,,889
SP13,3.5,,,,,1.0,0.0,0.0,,713
SP13,3.75,,,,2.3,1.0,0.0,0.0,,504
SP13,4.0,3.0,,,,1.0,0.0,0.0,10.1,795
SP13,4.25,,,,,1.0,0.0,0.0,,878
SP13,4.5,,,,,1.0,0.0,0.0,,998
SP13,4.75,,,,2.9,1.0,0.0,0.0,,637
SP13,5.0,5.0,,,,1.0,0.0,0.0,,554
SP13,5.25,,,,,1.0,0.0,0.0,,597
SP13,5.5,,,,,1.0,0.0,0.0,,821
SP13,5.75,,,,,1.0,0.0,0.0,,771
SP13,6.0,,,,,1.0,0.0,0.0,,526
SP13,6.25,,,,,0.0,1.0,0.0,,856
SP13,6.5,,,,,0.0,1.0,0.0,,989
SP13,6.75,,,,,0.0,1.0,0.0,,701
SP13,7.0,,,,,0.0,0.0,1.0,,505
SP13,7.25,,,,,0.0,0.0,1.0,,612
SP13,7.5,,,,,0.0,0.0,1.0,,791
SP13,7.75,,,,,0.0,0.0,1.0,,723
SP13,8.0,,,,,0.0,0.0,1.0,11.65,788
SP13,8.25,,,,,0.0,0.0,1.0,,509
SP13,8.5,,,,,0.0,0.0,1.0,,717
SP13,8.75,,,,,0.0,0.0,1.0,,647
SP13,9.0,,,,,0.0,0.0,1.0,,799
SP13,9.25,,,,,0.0,0.0,1.0,,913
SP13,9.5,,,,,0.0,0.0,1.0,,728
SP13,9.75,,,,,0.0,0.0,1.0,,933
SP13,10.0,,,,,0.0,0.0,1.0,13.03,994
SP13,10.25,,,,,0.0,0.0,1.0,,670
SP13,10.5,,,,,0.0,0.0,1.0,,955
SP13,10.75,,,,,0.0,0.0,1.0,,529
SP13,11.0,,,,,0.0,0.0,1.0,,569
SP13,11.25,,,,,0.0,0.0,1.0,,658
SP13,11.5,,,,,0.0,0.0,1.0,,620
SP13,11.75,,,,,0.0,0.0,1.0,,659
SP13,12.0,,,,,0.0,0.0,1.0,13.06,863
SP13,12.25,,,,,0.0,0.0,1.0,,902
SP13,12.5,,,,,0.0,0.0,1.0,,721
SP13,12.75,,,,,0.0,0.0,1.0,,958
SP13,13.0,,,,,0.0,0.0,1.0,,695
SP13,13.25,,,,,0.0,0.0,1.0,,838
SP13,13.5,,,,,0.0,0.0,1.0,,849
SP13,13.75,,,,,0.0,0.0,1.0,,818
SP13,14.0,,,,,0.0,0.0,1.0,10.49,706
SP13,14.25,,,,,0.0,0.0,1.0,,894
SP13,14.5,,,,,0.0,0.0,1.0,,696
SP13,14.75,,,,,0.0,0.0,1.0,,960
SP13,15.0,,,,,0.0,0.0,1.0,,636
SP13,15.25,,,,,0.0,0.0,1.0,,859
SP13,15.5,,,,,0.0,0.0,1.0,,651
SP13,15.75,,,,,0.0,0.0,1.0,,811
SP13,16.0,,,,,0.0,0.0,1.0,6.98,747
SP13,16.25,,,,,0.0,0.0,1.0,,857
SP13,16.5,,,,,0.0,0.0,1.0,,924
SP13,16.75,,,,,0.0,0.0,1.0,,567
SP13,17.0,,,,,0.0,0.0,1.0,,652
SP13,17.25,,,,,0.0,0.0,1.0,,803
SP13,17.5,,,,,0.0,0.0,1.0,,565
SP13,17.75,,,,,0.0,0.0,1.0,,617
SP13,18.0,,,,,0.0,0.0,1.0,,955
SP13,18.25,,,,,0.0,0.0,1.0,,544
SP13,18.5,,,,,0.0,0.0,1.0,,567
SP13,18.75,,,,,0.0,0.0,1.0,,709
SP13,19.0,,,,,0.0,0.0,1.0,,515
SP13,19.25,,,,,0.0,0.0,1.0,,926
SP13,19.5,,,,,0.0,0.0,1.0,,564
SP13,19.75,,,,,0.0,0.0,1.0,,805
SP13,20.0,,,,,0.0,0.0,1.0,,949
SP13,20.25,,,,,0.0,0.0,1.0,,559
SP13,20.5,,,,,0.0,0.0,1.0,,544
SP13,20.75,,,,,0.0,0.0,1.0,,760
SP13,21.0,,,,,0.0,0.0,1.0,,837
SP13,21.25,,,,,0.0,0.0,1.0,,594
SP13,21.5,,,,,0.0,0.0,1.0,,922
SP13,21.75,,,,,0.0,0.0,1.0,,659
SP13,22.0,,,,,0.0,0.0,1.0,,870
,,,,,,,,,,849
SP14,0.25,,,,,1.0,0.0,0.0,,710
SP14,0.5,,,,,1.0,0.0,0.0,,984
SP14,0.75,,,,3.0,1.0,0.0,0.0,,560
SP14,1.0,3.1,,,,1.0,0.0,0.0,,564
SP14,1.25,,,,,1.0,0.0,0.0,,939
SP14,1.5,,,,,1.0,0.0,0.0,,810
SP14,1.75,,,,1.7,1.0,0.0,0.0,,887
SP14,2.0,2.1,,,,1.0,0.0,0.0,3.11,727
SP14,2.25,,,,,1.0,0.0,0.0,,848
SP14,2.5,,,,,1.0,0.0,0.0,,933
SP14,2.75,,,,1.5,1.0,0.0,0.0,,842
SP14,3.0,2.1,,,,1.0,0.0,0.0,,942
SP14,3.25,,,,,1.0,0.0,0.0,,746
SP14,3.5,,,,,1.0,0.0,0.0,,874
SP14,3.75,,,,1.5,1.0,0.0,0.0,,568
SP14,4.0,3.0,,,,1.0,0.0,0.0,10.1,962
SP14,4.25,,,,,1.0,0.0,0.0,,609
SP14,4.5,,,,,1.0,0.0,0.0,,592
SP14,4.75,,,,4.0,1.0,0.0,0.0,,609
SP14,5.0,5.2,,,,1.0,0.0,0.0,,672
SP14,5.25,,,,,1.0,0.0,0.0,,961
SP14,5.5,,,,,1.0,0.0,0.0,,832
SP14,5.75,,,,3.9,1.0,0.0,0.0,,832
SP14,6.0,5.8,,,,1.0,0.0,0.0,,532
SP14,6.25,,,,,0.0,1.0,0.0,,581
SP14,6.5,,,,,0.0,1.0,0.0,,635
SP14,6.75,,,,5.9,0.0,1.0,0.0,,826
SP14,7.0,7.7,,,,0.0,0.0,1.0,,542
SP14,7.25,,,,,0.0,0.0,1.0,,664
SP14,7.5,,,,,0.0,0.0,1.0,,580
SP14,7.75,,,,6.7,0.0,0.0,1.0,,934
SP14,8.0,5.6,,,,0.0,0.0,1.0,11.65,872
SP14,8.25,,,,,0.0,0.0,1.0,,640
SP14,8.5,,,,,0.0,0.0,1.0,,997
SP14,8.75,,,,10.0,0.0,0.0,1.0,,678
SP14,9.0,7.2,,,,0.0,0.0,1.0,,707
SP14,9.25,,,,,0.0,0.0,1.0,,766
SP14,9.5,,,,,0.0,0.0,1.0,,913
SP14,9.75,,,,13.7,0.0,0.0,1.0,,573
SP14,10.0,8.7,,,,0.0,0.0,1.0,13.03,609
SP14,10.25,,,,,0.0,0.0,1.0,,925
SP14,10.5,,,,,0.0,0.0,1.0,,869
SP14,10.75,,,,16.6,0.0,0.0,1.0,,860
SP14,11.0,9.7,,,,0.0,0.0,1.0,,837
SP14,11.25,,,,,0.0,0.0,1.0,,903
SP14,11.5,,,,,0.0,0.0,1.0,,734
SP14,11.75,,,,14.7,0.0,0.0,1.0,,509
SP14,12.0,8.0,,,,0.0,0.0,1.0,13.06,962
SP14,12.25,,,,,0.0,0.0,1.0,,812
SP14,12.5,,,,,0.0,0.0,1.0,,777
SP14,12.75,,,,20.0,0.0,0.0,1.0,,949
SP14,13.0,7.7,,,,0.0,0.0,1.0,,710
SP14,13.25,,,,,0.0,0.0,1.0,,550
SP14,13.5,,,,,0.0,0.0,1.0,,900
SP14,13.75,,,,20.0,0.0,0.0,1.0,,919
SP14,14.0,18.0,,,,0.0,0.0,1.0,10.49,635
SP14,14.25,,,,,0.0,0.0,1.0,,872
SP14,14.5,,,,,0.0,0.0,1.0,,979
SP14,14.75,,,,,0.0,0.0,1.0,,981
SP14,15.0,11.0,,,,0.0,0.0,1.0,,968
SP14,15.25,,,,,0.0,0.0,1.0,,623
SP14,15.5,,,,,0.0,0.0,1.0,,680
SP14,15.75,,,,,0.0,0.0,1.0,,717
SP14,16.0,,,,,0.0,0.0,1.0,6.98,638
SP14,16.25,,,,,0.0,0.0,1.0,,923
SP14,16.5,,,,,0.0,0.0,1.0,,687
SP14,16.75,,,,,0.0,0.0,1.0,,751
SP14,17.0,,,,,0.0,0.0,1.0,,545
SP14,17.25,,,,,0.0,0.0,1.0,,857
SP14,17.5,,,,,0.0,0.0,1.0,,511
SP14,17.75,,,,,0.0,0.0,1.0,,676
SP14,18.0,,,,,0.0,0.0,1.0,,622
SP14,18.25,,,,,0.0,0.0,1.0,,634
SP14,18.5,,,,,0.0,0.0,1.0,,756
SP14,18.75,,,,,0.0,0.0,1.0,,519
SP14,19.0,,,,,0.0,0.0,1.0,,935
SP14,19.25,,,,,0.0,0.0,1.0,,654
SP14,19.5,,,,,0.0,0.0,1.0,,741
SP14,19.75,,,,,0.0,0.0,1.0,,750
SP14,20.0,,,,,0.0,0.0,1.0,,647
SP14,20.25,,,,,0.0,0.0,1.0,,886
SP14,20.5,,,,,0.0,0.0,1.0,,762
SP14,20.75,,,,,0.0,0.0,1.0,,540
SP14,21.0,,,,,0.0,0.0,1.0,,889
SP14,21.25,,,,,0.0,0.0,1.0,,620
SP14,21.5,,,,,0.0,0.0,1.0,,644
SP14,21.75,,,,,0.0,0.0,1.0,,821
SP14,22.0,,,,,0.0,0.0,1.0,,777
,,,,,,,,,,523
SP15,0.25,,,,,1.0,0.0,0.0,,629
SP15,0.5,,,,,1.0,0.0,0.0,,797
SP15,0.75,,,,,1.0,0.0,0.0,,849
SP15,1.0,3.0,,,,1.0,0.0,0.0,,940
SP15,1.25,,,,,1.0,0.0,0.0,,806
SP15,1.5,,,,,1.0,0.0,0.0,,873
SP15,1.75,,,,,1.0,0.0,0.0,,632
SP15,2.0,2.0,,,,1.0,0.0,0.0,3.11,687
SP15,2.25,,,,,1.0,0.0,0.0,,715
SP15,2.5,,,,,1.0,0.0,0.0,,838
SP15,2.75,,,,,1.0,0.0,0.0,,648
SP15,3.0,3.0,,,,1.0,0.0,0.0,,643
SP15,3.25,,,,,1.0,0.0,0.0,,761
SP15,3.5,,,,,1.0,0.0,0.0,,528
SP15,3.75,,,,,1.0,0.0,0.0,,653
SP15,4.0,2.0,,,,1.0,0.0,0.0,10.1,693
SP15,4.25,,,,,1.0,0.0,0.0,,702
SP15,4.5,,,,,1.0,0.0,0.0,,574
SP15,4.75,,,,,1.0,0.0,0.0,,777
SP15,5.0,5.0,,,,1.0,0.0,0.0,,673
SP15,5.25,,,,,1.0,0.0,0.0,,527
SP15,5.5,,,,,1.0,0.0,0.0,,743
SP15,5.75,,,,,1.0,0.0,0.0,,656
SP15,6.0,6.0,,,,1.0,0.0,0.0,,646
SP15,6.25,,,,,0.0,1.0,0.0,,743
SP15,6.5,,,,,0.0,1.0,0.0,,666
SP15,6.75,,,,,0.0,1.0,0.0,,844
SP15,7.0,6.0,,,,0.0,0.0,1.0,,817
SP15,7.25,,,,,0.0,0.0,1.0,,717
SP15,7.5,,,,,0.0,0.0,1.0,,659
SP15,7.75,,,,,0.0,0.0,1.0,,847
SP15,8.0,4.0,,,,0.0,0.0,1.0,11.65,686
SP15,8.25,,,,,0.0,0.0,1.0,,817
SP15,8.5,,,,,0.0,0.0,1.0,,937
SP15,8.75,,,,,0.0,0.0,1.0,,948
SP15,9.0,7.0,,,,0.0,0.0,1.0,,995
SP15,9.25,,,,,0.0,0.0,1.0,,553
SP15,9.5,,,,,0.0,0.0,1.0,,683
SP15,9.75,,,,,0.0,0.0,1.0,,640
SP15,10.0,8.0,,,,0.0,0.0,1.0,13.03,978
SP15,10.25,,,,,0.0,0.0,1.0,,797
SP15,10.5,,,,,0.0,0.0,1.0,,773
SP15,10.75,,,,,0.0,0.0,1.0,,657
SP15,11.0,7.0,,,,0.0,0.0,1.0,,615
SP15,11.25,,,,,0.0,0.0,1.0,,745
SP15,11.5,,,,,0.0,0.0,1.0,,750
SP15,11.75,,,,,0.0,0.0,1.0,,870
SP15,12.0,10.0,,,,0.0,0.0,1.0,13.06,636
SP15,12.25,,,,,0.0,0.0,1.0,,510
SP15,12.5,,,,,0.0,0.0,1.0,,809
SP15,12.75,,,,,0.0,0.0,1.0,,929
SP15,13.0,11.0,,,,0.0,0.0,1.0,,794
SP15,13.25,,,,,0.0,0.0,1.0,,643
SP15,13.5,,,,,0.0,0.0,1.0,,960
SP15,13.75,,,,,0.0,0.0,1.0,,946
SP15,14.0,9.0,,,,0.0,0.0,1.0,10.49,964
SP15,14.25,,,,,0.0,0.0,1.0,,949
SP15,14.5,,,,,0.0,0.0,1.0,,528
SP15,14.75,,,,,0.0,0.0,1.0,,711
SP15,15.0,8.0,,,,0.0,0.0,1.0,,778
SP15,15.25,,,,,0.0,0.0,1.0,,984
SP15,15.5,,,,,0.0,0.0,1.0,,643
SP15,15.75,,,,,0.0,0.0,1.0,,761
SP15,16.0,10.0,,,,0.0,0.0,1.0,6.98,745
SP15,16.25,,,,,0.0,0.0,1.0,,986
SP15,16.5,,,,,0.0,0.0,1.0,,650
SP15,16.75,,,,,0.0,0.0,1.0,,874
SP15,17.0,11.0,,,,0.0,0.0,1.0,,936
SP15,17.25,,,,,0.0,0.0,1.0,,687
SP15,17.5,,,,,0.0,0.0,1.0,,694
SP15,17.75,,,,,0.0,0.0,1.0,,999
SP15,18.0,10.0,,,,0.0,0.0,1.0,,658
SP15,18.25,,,,,0.0,0.0,1.0,,988
SP15,18.5,,,,,0.0,0.0,1.0,,840
SP15,18.75,,,,,0.0,0.0,1.0,,890
SP15,19.0,41.0,,,,0.0,0.0,1.0,,979
SP15,19.25,,,,,0.0,0.0,1.0,,878
SP15,19.5,,,,,0.0,0.0,1.0,,675
SP15,19.75,,,,,0.0,0.0,1.0,,646
SP15,20.0,27.0,,,,0.0,0.0,1.0,,870
SP15,20.25,,,,,0.0,0.0,1.0,,670
SP15,20.5,,,,,0.0,0.0,1.0,,683
SP15,20.75,,,,,0.0,0.0,1.0,,576
SP15,21.0,,,,,0.0,0.0,1.0,,646
SP15,21.25,,,,,0.0,0.0,1.0,,768
SP15,21.5,,,,,0.0,0.0,1.0,,996
SP15,21.75,,,,,0.0,0.0,1.0,,532
SP15,22.0,,,,,0.0,0.0,1.0,,580
,,,,,,,,,,820
SP16,0.25,,,,,1.0,0.0,0.0,,808
SP16,0.5,,,,,1.0,0.0,0.0,,989
SP16,0.75,,,,,1.0,0.0,0.0,,629
SP16,1.0,2.0,,,,1.0,0.0,0.0,,781
SP16,1.25,,,,,1.0,0.0,0.0,,845
SP16,1.5,,,,,1.0,0.0,0.0,,681
SP16,1.75,,,,,1.0,0.0,0.0,,662
SP16,2.0,3.0,,,,1.0,0.0,0.0,3.11,661
SP16,2.25,,,,,1.0,0.0,0.0,,800
SP16,2.5,,,,,1.0,0.0,0.0,,851
SP16,2.75,,,,,1.0,0.0,0.0,,865
SP16,3.0,3.0,,,,1.0,0.0,0.0,,549
SP16,3.25,,,,,1.0,0.0,0.0,,637
SP16,3.5,,,,,1.0,0.0,0.0,,956
SP16,3.75,,,,,1.0,0.0,0.0,,674
SP16,4.0,4.0,,,,1.0,0.0,0.0,10.1,764
SP16,4.25,,,,,1.0,0.0,0.0,,548
SP16,4.5,,,,,1.0,0.0,0.0,,781
SP16,4.75,,,,,1.0,0.0,0.0,,622
SP16,5.0,4.0,,,,1.0,0.0,0.0,,829
SP16,5.25,,,,,1.0,0.0,0.0,,914
SP16,5.5,,,,,1.0,0.0,0.0,,584
SP16,5.75,,,,,1.0,0.0,0.0,,897
SP16,6.0,5.0,,,,1.0,0.0,0.0,,960
SP16,6.25,,,,,0.0,1.0,0.0,,659
SP16,6.5,,,,,0.0,1.0,0.0,,817
SP16,6.75,,,,,0.0,1.0,0.0,,735
SP16,7.0,4.0,,,,0.0,0.0,1.0,,649
SP16,7.25,,,,,0.0,0.0,1.0,,851
SP16,7.5,,,,,0.0,0.0,1.0,,590
SP16,7.75,,,,,0.0,0.0,1.0,,701
SP16,8.0,4.0,,,,0.0,0.0,1.0,11.65,899
SP16,8.25,,,,,0.0,0.0,1.0,,596
SP16,8.5,,,,,0.0,0.0,1.0,,957
SP16,8.75,,,,,0.0,0.0,1.0,,878
SP16,9.0,5.0,,,,0.0,0.0,1.0,,727
SP16,9.25,,,,,0.0,0.0,1.0,,737
SP16,9.5,,,,,0.0,0.0,1.0,,586
SP16,9.75,,,,,0.0,0.0,1.0,,700
SP16,10.0,5.0,,,,0.0,0.0,1.0,13.03,617
SP16,10.25,,,,,0.0,0.0,1.0,,750
SP16,10.5,,,,,0.0,0.0,1.0,,727
SP16,10.75,,,,,0.0,0.0,1.0,,682
SP16,11.0,8.0,,,,0.0,0.0,1.0,,944
SP16,11.25,,,,,0.0,0.0,1.0,,764
SP16,11.5,,,,,0.0,0.0,1.0,,802
SP16,11.75,,,,,0.0,0.0,1.0,,572
SP16,12.0,8.0,,,,0.0,0.0,1.0,13.06,908
SP16,12.25,,,,,0.0,0.0,1.0,,735
SP16,12.5,,,,,0.0,0.0,1.0,,952
SP16,12.75,,,,,0.0,0.0,1.0,,914
SP16,13.0,9.0,,,,0.0,0.0,1.0,,741
SP16,13.25,,,,,0.0,0.0,1.0,,925
SP16,13.5,,,,,0.0,0.0,1.0,,649
SP16,13.75,,,,,0.0,0.0,1.0,,592
SP16,14.0,8.0,,,,0.0,0.0,1.0,10.49,596
SP16,14.25,,,,,0.0,0.0,1.0,,863
SP16,14.5,,,,,0.0,0.0,1.0,,878
SP16,14.75,,,,,0.0,0.0,1.0,,927
SP16,15.0,7.0,,,,0.0,0.0,1.0,,709
SP16,15.25,,,,,0.0,0.0,1.0,,520
SP16,15.5,,,,,0.0,0.0,1.0,,781
SP16,15.75,,,,,0.0,0.0,1.0,,990
SP16,16.0,5.0,,,,0.0,0.0,1.0,6.98,919
SP16,16.25,,,,,0.0,0.0,1.0,,551
SP16,16.5,,,,,0.0,0.0,1.0,,911
SP16,16.75,,,,,0.0,0.0,1.0,,713
SP16,17.0,7.0,,,,0.0,0.0,1.0,,507
SP16,17.25,,,,,0.0,0.0,1.0,,882
SP16,17.5,,,,,0.0,0.0,1.0,,897
SP16,17.75,,,,,0.0,0.0,1.0,,934
SP16,18.0,7.0,,,,0.0,0.0,1.0,,544
SP16,18.25,,,,,0.0,0.0,1.0,,903
SP16,18.5,,,,,0.0,0.0,1.0,,649
SP16,18.75,,,,,0.0,0.0,1.0,,534
SP16,19.0,15.0,,,,0.0,0.0,1.0,,792
SP16,19.25,,,,,0.0,0.0,1.0,,679
SP16,19.5,,,,,0.0,0.0,1.0,,802
SP16,19.75,,,,,0.0,0.0,1.0,,720
SP16,20.0,23.0,,,,0.0,0.0,1.0,,770
SP16,20.25,,,,,0.0,0.0,1.0,,777
SP16,20.5,,,,,0.0,0.0,1.0,,950
SP16,20.75,,,,,0.0,0.0,1.0,,501
SP16,21.0,,,,,0.0,0.0,1.0,,558
SP16,21.25,,,,,0.0,0.0,1.0,,935
SP16,21.5,,,,,0.0,0.0,1.0,,962
SP16,21.75,,,,,0.0,0.0,1.0,,745
SP16,22.0,,,,,0.0,0.0,1.0,,802
,,,,,,,,,,746
SP17,0.25,,,,,1.0,0.0,0.0,,726
SP17,0.5,,,,,1.0,0.0,0.0,,933
SP17,0.75,,,,,1.0,0.0,0.0,,823
SP17,1.0,2.0,,,,1.0,0.0,0.0,,884
SP17,1.25,,,,,1.0,0.0,0.0,,878
SP17,1.5,,,,,1.0,0.0,0.0,,568
SP17,1.75,,,,,1.0,0.0,0.0,,642
SP17,2.0,2.0,,,,1.0,0.0,0.0,3.11,575
SP17,2.25,,,,,1.0,0.0,0.0,,981
SP17,2.5,,,,,1.0,0.0,0.0,,583
SP17,2.75,,,,,1.0,0.0,0.0,,868
SP17,3.0,2.0,,,,1.0,0.0,0.0,,901
SP17,3.25,,,,,1.0,0.0,0.0,,638
SP17,3.5,,,,,1.0,0.0,0.0,,990
SP17,3.75,,,,,1.0,0.0,0.0,,677
SP17,4.0,4.0,,,,1.0,0.0,0.0,10.1,893
SP17,4.25,,,,,1.0,0.0,0.0,,667
SP17,4.5,,,,,1.0,0.0,0.0,,974
SP17,4.75,,,,,1.0,0.0,0.0,,969
SP17,5.0,4.0,,,,1.0,0.0,0.0,,886
SP17,5.25,,,,,1.0,0.0,0.0,,678
SP17,5.5,,,,,1.0,0.0,0.0,,694
SP17,5.75,,,,,1.0,0.0,0.0,,771
SP17,6.0,6.0,,,,1.0,0.0,0.0,,663
SP17,6.25,,,,,0.0,1.0,0.0,,844
SP17,6.5,,,,,0.0,1.0,0.0,,642
SP17,6.75,,,,,0.0,1.0,0.0,,599
SP17,7.0,5.0,,,,0.0,0.0,1.0,,978
SP17,7.25,,,,,0.0,0.0,1.0,,823
SP17,7.5,,,,,0.0,0.0,1.0,,551
SP17,7.75,,,,,0.0,0.0,1.0,,849
SP17,8.0,5.0,,,,0.0,0.0,1.0,11.65,970
SP17,8.25,,,,,0.0,0.0,1.0,,649
SP17,8.5,,,,,0.0,0.0,1.0,,752
SP17,8.75,,,,,0.0,0.0,1.0,,822
SP17,9.0,6.0,,,,0.0,0.0,1.0,,600
SP17,9.25,,,,,0.0,0.0,1.0,,676
SP17,9.5,,,,,0.0,0.0,1.0,,802
SP17,9.75,,,,,0.0,0.0,1.0,,999
SP17,10.0,7.0,,,,0.0,0.0,1.0,13.03,816
SP17,10.25,,,,,0.0,0.0,1.0,,878
SP17,10.5,,,,,0.0,0.0,1.0,,912
SP17,10.75,,,,,0.0,0.0,1.0,,893
SP17,11.0,8.0,,,,0.0,0.0,1.0,,988
SP17,11.25,,,,,0.0,0.0,1.0,,691
SP17,11.5,,,,,0.0,0.0,1.0,,835
SP17,11.75,,,,,0.0,0.0,1.0,,712
SP17,12.0,8.0,,,,0.0,0.0,1.0,13.06,789
SP17,12.25,,,,,0.0,0.0,1.0,,695
SP17,12.5,,,,,0.0,0.0,1.0,,992
SP17,12.75,,,,,0.0,0.0,1.0,,958
SP17,13.0,15.0,,,,0.0,0.0,1.0,,873
SP17,13.25,,,,,0.0,0.0,1.0,,704
SP17,13.5,,,,,0.0,0.0,1.0,,758
SP17,13.75,,,,,0.0,0.0,1.0,,502
SP17,14.0,8.0,,,,0.0,0.0,1.0,10.49,540
SP17,14.25,,,,,0.0,0.0,1.0,,501
SP17,14.5,,,,,0.0,0.0,1.0,,732
SP17,14.75,,,,,0.0,0.0,1.0,,804
SP17,15.0,8.0,,,,0.0,0.0,1.0,,831
SP17,15.25,,,,,0.0,0.0,1.0,,539
SP17,15.5,,,,,0.0,0.0,1.0,,565
SP17,15.75,,,,,0.0,0.0,1.0,,586
SP17,16.0,7.0,,,,0.0,0.0,1.0,6.98,742
SP17,16.25,,,,,0.0,0.0,1.0,,729
SP17,16.5,,,,,0.0,0.0,1.0,,738
SP17,16.75,,,,,0.0,0.0,1.0,,879
SP17,17.0,6.0,,,,0.0,0.0,1.0,,873
SP17,17.25,,,,,0.0,0.0,1.0,,761
SP17,17.5,,,,,0.0,0.0,1.0,,544
SP17,17.75,,,,,0.0,0.0,1.0,,968
SP17,18.0,9.0,,,,0.0,0.0,1.0,,585
SP17,18.25,,,,,0.0,0.0,1.0,,540
SP17,18.5,,,,,0.0,0.0,1.0,,894
SP17,18.75,,,,,0.0,0.0,1.0,,817
SP17,19.0,16.0,,,,0.0,0.0,1.0,,934
SP17,19.25,,,,,0.0,0.0,1.0,,958
SP17,19.5,,,,,0.0,0.0,1.0,,878
SP17,19.75,,,,,0.0,0.0,1.0,,847
SP17,20.0,22.0,,,,0.0,0.0,1.0,,946
SP17,20.25,,,,,0.0,0.0,1.0,,719
SP17,20.5,,,,,0.0,0.0,1.0,,665
SP17,20.75,,,,,0.0,0.0,1.0,,929
SP17,21.0,,,,,0.0,0.0,1.0,,508
SP17,21.25,,,,,0.0,0.0,1.0,,704
SP17,21.5,,,,,0.0,0.0,1.0,,798
SP17,21.75,,,,,0.0,0.0,1.0,,601
SP17,22.0,,,,,0.0,0.0,1.0,,951
,,,,,,,,,,983
SP18,0.25,,,,,1.0,0.0,0.0,,958
SP18,0.5,,,,,1.0,0.0,0.0,,821
SP18,0.75,,,,3.8,1.0,0.0,0.0,,873
SP18,1.0,2.1,,,,1.0,0.0,0.0,,556
SP18,1.25,,,,,1.0,0.0,0.0,,831
SP18,1.5,,,,,1.0,0.0,0.0,,722
SP18,1.75,,,,5.0,1.0,0.0,0.0,,865
SP18,2.0,4.2,,,,1.0,0.0,0.0,3.11,885
SP18,2.25,,,,,1.0,0.0,0.0,,790
SP18,2.5,,,,,1.0,0.0,0.0,,991
SP18,2.75,,,,4.0,1.0,0.0,0.0,,713
SP18,3.0,4.0,,,,1.0,0.0,0.0,,696
SP18,3.25,,,,,1.0,0.0,0.0,,533
SP18,3.5,,,,,1.0,0.0,0.0,,925
SP18,3.75,,,,2.8,1.0,0.0,0.0,,687
SP18,4.0,4.5,,,,1.0,0.0,0.0,10.1,829
SP18,4.25,,,,,1.0,0.0,0.0,,839
SP18,4.5,,,,,1.0,0.0,0.0,,648
SP18,4.75,,,,9.3,1.0,0.0,0.0,,939
SP18,5.0,7.3,,,,1.0,0.0,0.0,,900
SP18,5.25,,,,,1.0,0.0,0.0,,837
SP18,5.5,,,,,1.0,0.0,0.0,,732
SP18,5.75,,,,7.0,1.0,0.0,0.0,,641
SP18,6.0,6.2,,,,1.0,0.0,0.0,,969
SP18,6.25,,,,,0.0,1.0,0.0,,717
SP18,6.5,,,,,0.0,1.0,0.0,,977
SP18,6.75,,,,6.8,0.0,1.0,0.0,,816
SP18,7.0,5.2,,,,0.0,0.0,1.0,,525
SP18,7.25,,,,,0.0,0.0,1.0,,861
SP18,7.5,,,,,0.0,0.0,1.0,,582
SP18,7.75,,,,9.0,0.0,0.0,1.0,,798
SP18,8.0,6.7,,,,0.0,0.0,1.0,11.65,609
SP18,8.25,,,,,0.0,0.0,1.0,,691
SP18,8.5,,,,,0.0,0.0,1.0,,586
SP18,8.75,,,,12.0,0.0,0.0,1.0,,929
SP18,9.0,9.0,,,,0.0,0.0,1.0,,523
SP18,9.25,,,,,0.0,0.0,1.0,,575
SP18,9.5,,,,,0.0,0.0,1.0,,887
SP18,9.75,,,,12.0,0.0,0.0,1.0,,693
SP18,10.0,10.0,,,,0.0,0.0,1.0,13.03,929
SP18,10.25,,,,,0.0,0.0,1.0,,932
SP18,10.5,,,,,0.0,0.0,1.0,,963
SP18,10.75,,,,14.0,0.0,0.0,1.0,,988
SP18,11.0,10.3,,,,0.0,0.0,1.0,,904
SP18,11.25,,,,,0.0,0.0,1.0,,947
SP18,11.5,,,,,0.0,0.0,1.0,,522
SP18,11.75,,,,12.0,0.0,0.0,1.0,,772
SP18,12.0,9.3,,,,0.0,0.0,1.0,13.06,796
SP18,12.25,,,,,0.0,0.0,1.0,,513
SP18,12.5,,,,,0.0,0.0,1.0,,731
SP18,12.75,,,,12.0,0.0,0.0,1.0,,849
SP18,13.0,7.5,,,,0.0,0.0,1.0,,698
SP18,13.25,,,,,0.0,0.0,1.0,,775
SP18,13.5,,,,,0.0,0.0,1.0,,715
SP18,13.75,,,,9.8,0.0,0.0,1.0,,578
SP18,14.0,6.7,,,,0.0,0.0,1.0,10.49,754
SP18,14.25,,,,,0.0,0.0,1.0,,909
SP18,14.5,,,,,0.0,0.0,1.0,,540
SP18,14.75,,,,6.0,0.0,0.0,1.0,,828
SP18,15.0,3.9,,,,0.0,0.0,1.0,,859
SP18,15.25,,,,,0.0,0.0,1.0,,872
SP18,15.5,,,,,0.0,0.0,1.0,,834
SP18,15.75,,,,4.3,0.0,0.0,1.0,,847
SP18,16.0,1.9,,,,0.0,0.0,1.0,6.98,554
SP18,16.25,,,,,0.0,0.0,1.0,,793
SP18,16.5,,,,,0.0,0.0,1.0,,693
SP18,16.75,,,,15.0,0.0,0.0,1.0,,540
SP18,17.0,6.6,,,,0.0,0.0,1.0,,634
SP18,17.25,,,,,0.0,0.0,1.0,,743
SP18,17.5,,,,,0.0,0.0,1.0,,608
SP18,17.75,,,,28.0,0.0,0.0,1.0,,600
SP18,18.0,13.0,,,,0.0,0.0,1.0,,873
SP18,18.25,,,,,0.0,0.0,1.0,,753
SP18,18.5,,,,,0.0,0.0,1.0,,790
SP18,18.75,,,,35.0,0.0,0.0,1.0,,803
SP18,19.0,19.0,,,,0.0,0.0,1.0,,681
SP18,19.25,,,,,0.0,0.0,1.0,,877
SP18,19.5,,,,,0.0,0.0,1.0,,517
SP18,19.75,,,,19.6,0.0,0.0,1.0,,800
SP18,20.0,13.4,,,,0.0,0.0,1.0,,699
SP18,20.25,,,,,0.0,0.0,1.0,,696
SP18,20.5,,,,,0.0,0.0,1.0,,719
SP18,20.75,,,,21.0,0.0,0.0,1.0,,846
SP18,21.0,15.0,,,,0.0,0.0,1.0,,557
SP18,21.25,,,,,0.0,0.0,1.0,,979
SP18,21.5,,,,,0.0,0.0,1.0,,554
SP18,21.75,,,,23.0,0.0,0.0,1.0,,883
SP18,22.0,16.5,,,,0.0,0.0,1.0,,693
,,,,,,,,,,924
SP19,0.25,,,,,1.0,0.0,0.0,,539
SP19,0.5,,,,,1.0,0.0,0.0,,658
SP19,0.75,,,,,1.0,0.0,0.0,,736
SP19,1.0,3.8,,,,1.0,0.0,0.0,,788
SP19,1.25,,,,,1.0,0.0,0.0,,658
SP19,1.5,,,,,1.0,0.0,0.0,,564
SP19,1.75,,,,,1.0,0.0,0.0,,659
SP19,2.0,4.1,,,,1.0,0.0,0.0,3.11,768
SP19,2.25,,,,,1.0,0.0,0.0,,578
SP19,2.5,,,,,1.0,0.0,0.0,,712
SP19,2.75,,,,,1.0,0.0,0.0,,766
SP19,3.0,4.8,,,,1.0,0.0,0.0,,579
SP19,3.25,,,,,1.0,0.0,0.0,,648
SP19,3.5,,,,,1.0,0.0,0.0,,976
SP19,3.75,,,,,1.0,0.0,0.0,,877
SP19,4.0,5.0,,,,1.0,0.0,0.0,10.1,618
SP19,4.25,,,,,1.0,0.0,0.0,,809
SP19,4.5,,,,,1.0,0.0,0.0,,706
SP19,4.75,,,,,1.0,0.0,0.0,,774
SP19,5.0,5.0,,,,1.0,0.0,0.0,,880
SP19,5.25,,,,,1.0,0.0,0.0,,603
SP19,5.5,,,,,1.0,0.0,0.0,,736
SP19,5.75,,,,,1.0,0.0,0.0,,573
SP19,6.0,7.2,,,,1.0,0.0,0.0,,591
SP19,6.25,,,,,0.0,1.0,0.0,,680
SP19,6.5,,,,,0.0,1.0,0.0,,523
SP19,6.75,,,,,0.0,1.0,0.0,,692
SP19,7.0,7.3,,,,0.0,0.0,1.0,,625
SP19,7.25,,,,,0.0,0.0,1.0,,653
SP19,7.5,,,,,0.0,0.0,1.0,,906
SP19,7.75,,,,,0.0,0.0,1.0,,832
SP19,8.0,3.6,,,,0.0,0.0,1.0,11.65,609
SP19,8.25,,,,,0.0,0.0,1.0,,794
SP19,8.5,,,,,0.0,0.0,1.0,,559
SP19,8.75,,,,,0.0,0.0,1.0,,614
SP19,9.0,3.3,,,,0.0,0.0,1.0,,769
SP19,9.25,,,,,0.0,0.0,1.0,,863
SP19,9.5,,,,,0.0,0.0,1.0,,639
SP19,9.75,,,,,0.0,0.0,1.0,,542
SP19,10.0,4.3,,,,0.0,0.0,1.0,13.03,834
SP19,10.25,,,,,0.0,0.0,1.0,,748
SP19,10.5,,,,,0.0,0.0,1.0,,873
SP19,10.75,,,,,0.0,0.0,1.0,,669
SP19,11.0,6.2,,,,0.0,0.0,1.0,,776
SP19,11.25,,,,,0.0,0.0,1.0,,756
SP19,11.5,,,,,0.0,0.0,1.0,,992
SP19,11.75,,,,,0.0,0.0,1.0,,517
SP19,12.0,8.3,,,,0.0,0.0,1.0,13.06,644
SP19,12.25,,,,,0.0,0.0,1.0,,867
SP19,12.5,,,,,0.0,0.0,1.0,,913
SP19,12.75,,,,,0.0,0.0,1.0,,857
SP19,13.0,7.7,,,,0.0,0.0,1.0,,854
SP19,13.25,,,,,0.0,0.0,1.0,,586
SP19,13.5,,,,,0.0,0.0,1.0,,999
SP19,13.75,,,,,0.0,0.0,1.0,,817
SP19,14.0,5.4,,,,0.0,0.0,1.0,10.49,598
SP19,14.25,,,,,0.0,0.0,1.0,,843
SP19,14.5,,,,,0.0,0.0,1.0,,595
SP19,14.75,,,,,0.0,0.0,1.0,,559
SP19,15.0,5.2,,,,0.0,0.0,1.0,,637
SP19,15.25,,,,,0.0,0.0,1.0,,944
SP19,15.5,,,,,0.0,0.0,1.0,,549
SP19,15.75,,,,,0.0,0.0,1.0,,570
SP19,16.0,8.0,,,,0.0,0.0,1.0,6.98,823
SP19,16.25,,,,,0.0,0.0,1.0,,653
SP19,16.5,,,,,0.0,0.0,1.0,,783
SP19,16.75,,,,,0.0,0.0,1.0,,698
SP19,17.0,7.0,,,,0.0,0.0,1.0,,586
SP19,17.25,,,,,0.0,0.0,1.0,,769
SP19,17.5,,,,,0.0,0.0,1.0,,879
SP19,17.75,,,,,0.0,0.0,1.0,,509
SP19,18.0,7.7,,,,0.0,0.0,1.0,,500
SP19,18.25,,,,,0.0,0.0,1.0,,743
SP19,18.5,,,,,0.0,0.0,1.0,,909
SP19,18.75,,,,,0.0,0.0,1.0,,798
SP19,19.0,,,,,0.0,0.0,1.0,,934
SP19,19.25,,,,,0.0,0.0,1.0,,508
SP19,19.5,,,,,0.0,0.0,1.0,,827
SP19,19.75,,,,,0.0,0.0,1.0,,790
SP19,20.0,,,,,0.0,0.0,1.0,,946
SP19,20.25,,,,,0.0,0.0,1.0,,545
SP19,20.5,,,,,0.0,0.0,1.0,,900
SP19,20.75,,,,,0.0,0.0,1.0,,913
SP19,21.0,,,,,0.0,0.0,1.0,,861
SP19,21.25,,,,,0.0,0.0,1.0,,528
SP19,21.5,,,,,0.0,0.0,1.0,,975
SP19,21.75,,,,,0.0,0.0,1.0,,668
SP19,22.0,,,,,0.0,0.0,1.0,,764
,,,,,,,,,,986
SP20,0.25,,,,,1.0,0.0,0.0,,506
SP20,0.5,,,,,1.0,0.0,0.0,,738
SP20,0.75,,,,,1.0,0.0,0.0,,952
SP20,1.0,2.2,,,,1.0,0.0,0.0,,701
SP20,1.25,,,,,1.0,0.0,0.0,,578
SP20,1.5,,,,,1.0,0.0,0.0,,751
SP20,1.75,,,,,1.0,0.0,0.0,,702
SP20,2.0,1.9,,,,1.0,0.0,0.0,3.11,694
SP20,2.25,,,,,1.0,0.0,0.0,,756
SP20,2.5,,,,,1.0,0.0,0.0,,923
SP20,2.75,,,,,1.0,0.0,0.0,,874
SP20,3.0,2.1,,,,1.0,0.0,0.0,,528
SP20,3.25,,,,,1.0,0.0,0.0,,951
SP20,3.5,,,,,1.0,0.0,0.0,,649
SP20,3.75,,,,,1.0,0.0,0.0,,847
SP20,4.0,3.2,,,,1.0,0.0,0.0,10.1,872
SP20,4.25,,,,,1.0,0.0,0.0,,941
SP20,4.5,,,,,1.0,0.0,0.0,,707
SP20,4.75,,,,,1.0,0.0,0.0,,770
SP20,5.0,4.1,,,,1.0,0.0,0.0,,762
SP20,5.25,,,,,1.0,0.0,0.0,,644
SP20,5.5,,,,,1.0,0.0,0.0,,808
SP20,5.75,,,,,1.0,0.0,0.0,,728
SP20,6.0,4.8,,,,1.0,0.0,0.0,,718
SP20,6.25,,,,,0.0,1.0,0.0,,850
SP20,6.5,,,,,0.0,1.0,0.0,,679
SP20,6.75,,,,,0.0,1.0,0.0,,530
SP20,7.0,,,,,0.0,0.0,1.0,,958
SP20,7.25,,,,,0.0,0.0,1.0,,759
SP20,7.5,,,,,0.0,0.0,1.0,,645
SP20,7.75,,,,,0.0,0.0,1.0,,534
SP20,8.0,,,,,0.0,0.0,1.0,11.65,841
SP20,8.25,,,,,0.0,0.0,1.0,,826
SP20,8.5,,,,,0.0,0.0,1.0,,794
SP20,8.75,,,,,0.0,0.0,1.0,,888
SP20,9.0,,,,,0.0,0.0,1.0,,598
SP20,9.25,,,,,0.0,0.0,1.0,,830
SP20,9.5,,,,,0.0,0.0,1.0,,584
SP20,9.75,,,,,0.0,0.0,1.0,,948
SP20,10.0,,,,,0.0,0.0,1.0,13.03,763
SP20,10.25,,,,,0.0,0.0,1.0,,537
SP20,10.5,,,,,0.0,0.0,1.0,,500
SP20,10.75,,,,,0.0,0.0,1.0,,517
SP20,11.0,,,,,0.0,0.0,1.0,,798
SP20,11.25,,,,,0.0,0.0,1.0,,730
SP20,11.5,,,,,0.0,0.0,1.0,,969
SP20,11.75,,,,,0.0,0.0,1.0,,793
SP20,12.0,,,,,0.0,0.0,1.0,13.06,969
SP20,12.25,,,,,0.0,0.0,1.0,,565
SP20,12.5,,,,,0.0,0.0,1.0,,826
SP20,12.75,,,,,0.0,0.0,1.0,,564
SP20,13.0,,,,,0.0,0.0,1.0,,789
SP20,13.25,,,,,0.0,0.0,1.0,,654
SP20,13.5,,,,,0.0,0.0,1.0,,775
SP20,13.75,,,,,0.0,0.0,1.0,,684
SP20,14.0,,,,,0.0,0.0,1.0,10.49,900
SP20,14.25,,,,,0.0,0.0,1.0,,970
SP20,14.5,,,,,0.0,0.0,1.0,,703
SP20,14.75,,,,,0.0,0.0,1.0,,899
SP20,15.0,,,,,0.0,0.0,1.0,,582
SP20,15.25,,,,,0.0,0.0,1.0,,768
SP20,15.5,,,,,0.0,0.0,1.0,,853
SP20,15.75,,,,,0.0,0.0,1.0,,739
SP20,16.0,,,,,0.0,0.0,1.0,6.98,963
SP20,16.25,,,,,0.0,0.0,1.0,,665
SP20,16.5,,,,,0.0,0.0,1.0,,682
SP20,16.75,,,,,0.0,0.0,1.0,,574
SP20,17.0,,,,,0.0,0.0,1.0,,643
SP20,17.25,,,,,0.0,0.0,1.0,,524
SP20,17.5,,,,,0.0,0.0,1.0,,855
SP20,17.75,,,,,0.0,0.0,1.0,,610
SP20,18.0,,,,,0.0,0.0,1.0,,913
SP20,18.25,,,,,0.0,0.0,1.0,,829
SP20,18.5,,,,,0.0,0.0,1.0,,762
SP20,18.75,,,,,0.0,0.0,1.0,,683
SP20,19.0,,,,,0.0,0.0,1.0,,560
SP20,19.25,,,,,0.0,0.0,1.0,,666
SP20,19.5,,,,,0.0,0.0,1.0,,508
SP20,19.75,,,,,0.0,0.0,1.0,,997
SP20,20.0,,,,,0.0,0.0,1.0,,980
SP20,20.25,,,,,0.0,0.0,1.0,,998
SP20,20.5,,,,,0.0,0.0,1.0,,927
SP20,20.75,,,,,0.0,0.0,1.0,,828
SP20,21.0,,,,,0.0,0.0,1.0,,883
SP20,21.25,,,,,0.0,0.0,1.0,,764
SP20,21.5,,,,,0.0,0.0,1.0,,528
SP20,21.75,,,,,0.0,0.0,1.0,,918
SP20,22.0,,,,,0.0,0.0,1.0,,672
,,,,,,,,,,922
SP21,0.25,,,,,1.0,0.0,0.0,,576
SP21,0.5,,,,,1.0,0.0,0.0,,695
SP21,0.75,,,,,1.0,0.0,0.0,,562
SP21,1.0,3.7,,,,1.0,0.0,0.0,,814
SP21,1.25,,,,,1.0,0.0,0.0,,849
SP21,1.5,,,,,1.0,0.0,0.0,,870
SP21,1.75,,,,,1.0,0.0,0.0,,518
SP21,2.0,2.6,,,,1.0,0.0,0.0,3.11,853
SP21,2.25,,,,,1.0,0.0,0.0,,747
SP21,2.5,,,,,1.0,0.0,0.0,,850
SP21,2.75,,,,,1.0,0.0,0.0,,946
SP21,3.0,3.2,,,,1.0,0.0,0.0,,786
SP21,3.25,,,,,1.0,0.0,0.0,,986
SP21,3.5,,,,,1.0,0.0,0.0,,640
SP21,3.75,,,,,1.0,0.0,0.0,,580
SP21,4.0,6.6,,,,1.0,0.0,0.0,10.1,707
SP21,4.25,,,,,1.0,0.0,0.0,,632
SP21,4.5,,,,,1.0,0.0,0.0,,806
SP21,4.75,,,,,1.0,0.0,0.0,,859
SP21,5.0,6.8,,,,1.0,0.0,0.0,,806
SP21,5.25,,,,,1.0,0.0,0.0,,539
SP21,5.5,,,,,1.0,0.0,0.0,,938
SP21,5.75,,,,,1.0,0.0,0.0,,795
SP21,6.0,6.2,,,,1.0,0.0,0.0,,868
SP21,6.25,,,,,0.0,1.0,0.0,,996
SP21,6.5,,,,,0.0,1.0,0.0,,530
SP21,6.75,,,,,0.0,1.0,0.0,,699
SP21,7.0,7.7,,,,0.0,0.0,1.0,,891
SP21,7.25,,,,,0.0,0.0,1.0,,947
SP21,7.5,,,,,0.0,0.0,1.0,,670
SP21,7.75,,,,,0.0,0.0,1.0,,914
SP21,8.0,10.0,,,,0.0,0.0,1.0,11.65,836
SP21,8.25,,,,,0.0,0.0,1.0,,750
SP21,8.5,,,,,0.0,0.0,1.0,,534
SP21,8.75,,,,,0.0,0.0,1.0,,573
SP21,9.0,7.0,,,,0.0,0.0,1.0,,547
SP21,9.25,,,,,0.0,0.0,1.0,,684
SP21,9.5,,,,,0.0,0.0,1.0,,998
SP21,9.75,,,,,0.0,0.0,1.0,,996
SP21,10.0,7.0,,,,0.0,0.0,1.0,13.03,830
SP21,10.25,,,,,0.0,0.0,1.0,,503
SP21,10.5,,,,,0.0,0.0,1.0,,861
SP21,10.75,,,,,0.0,0.0,1.0,,580
SP21,11.0,10.0,,,,0.0,0.0,1.0,,961
SP21,11.25,,,,,0.0,0.0,1.0,,703
SP21,11.5,,,,,0.0,0.0,1.0,,649
SP21,11.75,,,,,0.0,0.0,1.0,,955
SP21,12.0,12.0,,,,0.0,0.0,1.0,13.06,587
SP21,12.25,,,,,0.0,0.0,1.0,,971
SP21,12.5,,,,,0.0,0.0,1.0,,673
SP21,12.75,,,,,0.0,0.0,1.0,,713
SP21,13.0,11.0,,,,0.0,0.0,1.0,,995
SP21,13.25,,,,,0.0,0.0,1.0,,846
SP21,13.5,,,,,0.0,0.0,1.0,,859
SP21,13.75,,,,,0.0,0.0,1.0,,569
SP21,14.0,13.0,,,,0.0,0.0,1.0,10.49,747
SP21,14.25,,,,,0.0,0.0,1.0,,548
SP21,14.5,,,,,0.0,0.0,1.0,,614
SP21,14.75,,,,,0.0,0.0,1.0,,694
SP21,15.0,10.0,,,,0.0,0.0,1.0,,933
SP21,15.25,,,,,0.0,0.0,1.0,,737
SP21,15.5,,,,,0.0,0.0,1.0,,815
SP21,15.75,,,,,0.0,0.0,1.0,,563
SP21,16.0,14.0,,,,0.0,0.0,1.0,6.98,747
SP21,16.25,,,,,0.0,0.0,1.0,,560
SP21,16.5,,,,,0.0,0.0,1.0,,634
SP21,16.75,,,,,0.0,0.0,1.0,,999
SP21,17.0,13.0,,,,0.0,0.0,1.0,,569
SP21,17.25,,,,,0.0,0.0,1.0,,688
SP21,17.5,,,,,0.0,0.0,1.0,,848
SP21,17.75,,,,,0.0,0.0,1.0,,624
SP21,18.0,11.0,,,,0.0,0.0,1.0,,584
SP21,18.25,,,,,0.0,0.0,1.0,,919
SP21,18.5,,,,,0.0,0.0,1.0,,685
SP21,18.75,,,,,0.0,0.0,1.0,,593
SP21,19.0,16.0,,,,0.0,0.0,1.0,,669
SP21,19.25,,,,,0.0,0.0,1.0,,834
SP21,19.5,,,,,0.0,0.0,1.0,,570
SP21,19.75,,,,,0.0,0.0,1.0,,918
SP21,20.0,47.0,,,,0.0,0.0,1.0,,715
SP21,20.25,,,,,0.0,0.0,1.0,,933
SP21,20.5,,,,,0.0,0.0,1.0,,892
SP21,20.75,,,,,0.0,0.0,1.0,,694
SP21,21.0,36.0,,,,0.0,0.0,1.0,,560
SP21,21.25,,,,,0.0,0.0,1.0,,679
SP21,21.5,,,,,0.0,0.0,1.0,,706
SP21,21.75,,,,,0.0,0.0,1.0,,514
SP21,22.0,21.0,,,,0.0,0.0,1.0,,928
,,,,,,,,,,525
SP22,0.25,,,,,1.0,0.0,0.0,,734
SP22,0.5,,,,,1.0,0.0,0.0,,999
SP22,0.75,,,,,1.0,0.0,0.0,,928
SP22,1.0,5.0,,,,1.0,0.0,0.0,,889
SP22,1.25,,,,,1.0,0.0,0.0,,857
SP22,1.5,,,,,1.0,0.0,0.0,,640
SP22,1.75,,,,,1.0,0.0,0.0,,694
SP22,2.0,3.7,,,,1.0,0.0,0.0,3.11,972
SP22,2.25,,,,,1.0,0.0,0.0,,815
SP22,2.5,,,,,1.0,0.0,0.0,,586
SP22,2.75,,,,,1.0,0.0,0.0,,632
SP22,3.0,5.0,,,,1.0,0.0,0.0,,904
SP22,3.25,,,,,1.0,0.0,0.0,,732
SP22,3.5,,,,,1.0,0.0,0.0,,853
SP22,3.75,,,,,1.0,0.0,0.0,,578
SP22,4.0,5.5,,,,1.0,0.0,0.0,10.1,769
SP22,4.25,,,,,1.0,0.0,0.0,,805
SP22,4.5,,,,,1.0,0.0,0.0,,979
SP22,4.75,,,,,1.0,0.0,0.0,,718
SP22,5.0,6.4,,,,1.0,0.0,0.0,,896
SP22,5.25,,,,,1.0,0.0,0.0,,730
SP22,5.5,,,,,1.0,0.0,0.0,,706
SP22,5.75,,,,,1.0,0.0,0.0,,981
SP22,6.0,8.0,,,,1.0,0.0,0.0,,603
SP22,6.25,,,,,0.0,1.0,0.0,,553
SP22,6.5,,,,,0.0,1.0,0.0,,683
SP22,6.75,,,,,0.0,1.0,0.0,,750
SP22,7.0,6.4,,,,0.0,0.0,1.0,,625
SP22,7.25,,,,,0.0,0.0,1.0,,660
SP22,7.5,,,,,0.0,0.0,1.0,,679
SP22,7.75,,,,,0.0,0.0,1.0,,924
SP22,8.0,5.8,,,,0.0,0.0,1.0,11.65,865
SP22,8.25,,,,,0.0,0.0,1.0,,859
SP22,8.5,,,,,0.0,0.0,1.0,,964
SP22,8.75,,,,,0.0,0.0,1.0,,655
SP22,9.0,8.4,,,,0.0,0.0,1.0,,617
SP22,9.25,,,,,0.0,0.0,1.0,,882
SP22,9.5,,,,,0.0,0.0,1.0,,636
SP22,9.75,,,,,0.0,0.0,1.0,,556
SP22,10.0,7.0,,,,0.0,0.0,1.0,13.03,897
SP22,10.25,,,,,0.0,0.0,1.0,,667
SP22,10.5,,,,,0.0,0.0,1.0,,858
SP22,10.75,,,,,0.0,0.0,1.0,,910
SP22,11.0,9.0,,,,0.0,0.0,1.0,,913
SP22,11.25,,,,,0.0,0.0,1.0,,547
SP22,11.5,,,,,0.0,0.0,1.0,,540
SP22,11.75,,,,,0.0,0.0,1.0,,527
SP22,12.0,10.0,,,,0.0,0.0,1.0,13.06,836
SP22,12.25,,,,,0.0,0.0,1.0,,715
SP22,12.5,,,,,0.0,0.0,1.0,,900
SP22,12.75,,,,,0.0,0.0,1.0,,893
SP22,13.0,11.0,,,,0.0,0.0,1.0,,997
SP22,13.25,,,,,0.0,0.0,1.0,,833
SP22,13.5,,,,,0.0,0.0,1.0,,861
SP22,13.75,,,,,0.0,0.0,1.0,,869
SP22,14.0,13.0,,,,0.0,0.0,1.0,10.49,943
SP22,14.25,,,,,0.0,0.0,1.0,,681
SP22,14.5,,,,,0.0,0.0,1.0,,545
SP22,14.75,,,,,0.0,0.0,1.0,,886
SP22,15.0,10.0,,,,0.0,0.0,1.0,,553
SP22,15.25,,,,,0.0,0.0,1.0,,784
SP22,15.5,,,,,0.0,0.0,1.0,,689
SP22,15.75,,,,,0.0,0.0,1.0,,957
SP22,16.0,12.0,,,,0.0,0.0,1.0,6.98,773
SP22,16.25,,,,,0.0,0.0,1.0,,556
SP22,16.5,,,,,0.0,0.0,1.0,,652
SP22,16.75,,,,,0.0,0.0,1.0,,519
SP22,17.0,13.0,,,,0.0,0.0,1.0,,924
SP22,17.25,,,,,0.0,0.0,1.0,,936
SP22,17.5,,,,,0.0,0.0,1.0,,661
SP22,17.75,,,,,0.0,0.0,1.0,,588
SP22,18.0,16.0,,,,0.0,0.0,1.0,,943
SP22,18.25,,,,,0.0,0.0,1.0,,907
SP22,18.5,,,,,0.0,0.0,1.0,,670
SP22,18.75,,,,,0.0,0.0,1.0,,738
SP22,19.0,20.0,,,,0.0,0.0,1.0,,756
SP22,19.25,,,,,0.0,0.0,1.0,,934
SP22,19.5,,,,,0.0,0.0,1.0,,779
SP22,19.75,,,,,0.0,0.0,1.0,,745
SP22,20.0,16.0,,,,0.0,0.0,1.0,,787
SP22,20.25,,,,,0.0,0.0,1.0,,883
SP22,20.5,,,,,0.0,0.0,1.0,,639
SP22,20.75,,,,,0.0,0.0,1.0,,743
SP22,21.0,18.0,,,,0.0,0.0,1.0,,822
SP22,21.25,,,,,0.0,0.0,1.0,,602
SP22,21.5,,,,,0.0,0.0,1.0,,701
SP22,21.75,,,,,0.0,0.0,1.0,,566
SP22,22.0,28.0,,,,0.0,0.0,1.0,,969
,,,,,,,,,,896
SP23,0.25,,,,,1.0,0.0,0.0,,586
SP23,0.5,,,,,1.0,0.0,0.0,,747
SP23,0.75,,,,,1.0,0.0,0.0,,964
SP23,1.0,4.4,,,,1.0,0.0,0.0,,877
SP23,1.25,,,,,1.0,0.0,0.0,,763
SP23,1.5,,,,,1.0,0.0,0.0,,644
SP23,1.75,,,,,1.0,0.0,0.0,,866
SP23,2.0,4.0,,,,1.0,0.0,0.0,3.11,520
SP23,2.25,,,,,1.0,0.0,0.0,,847
SP23,2.5,,,,,1.0,0.0,0.0,,886
SP23,2.75,,,,,1.0,0.0,0.0,,863
SP23,3.0,3.9,,,,1.0,0.0,0.0,,931
SP23,3.25,,,,,1.0,0.0,0.0,,929
SP23,3.5,,,,,1.0,0.0,0.0,,726
SP23,3.75,,,,,1.0,0.0,0.0,,595
SP23,4.0,4.4,,,,1.0,0.0,0.0,10.1,643
SP23,4.25,,,,,1.0,0.0,0.0,,608
SP23,4.5,,,,,1.0,0.0,0.0,,833
SP23,4.75,,,,,1.0,0.0,0.0,,644
SP23,5.0,5.0,,,,1.0,0.0,0.0,,535
SP23,5.25,,,,,1.0,0.0,0.0,,648
SP23,5.5,,,,,1.0,0.0,0.0,,819
SP23,5.75,,,,,1.0,0.0,0.0,,922
SP23,6.0,7.0,,,,1.0,0.0,0.0,,871
SP23,6.25,,,,,0.0,1.0,0.0,,710
SP23,6.5,,,,,0.0,1.0,0.0,,978
SP23,6.75,,,,,0.0,1.0,0.0,,843
SP23,7.0,9.0,,,,0.0,0.0,1.0,,699
SP23,7.25,,,,,0.0,0.0,1.0,,738
SP23,7.5,,,,,0.0,0.0,1.0,,747
SP23,7.75,,,,,0.0,0.0,1.0,,844
SP23,8.0,10.0,,,,0.0,0.0,1.0,11.65,703
SP23,8.25,,,,,0.0,0.0,1.0,,956
SP23,8.5,,,,,0.0,0.0,1.0,,626
SP23,8.75,,,,,0.0,0.0,1.0,,679
SP23,9.0,7.7,,,,0.0,0.0,1.0,,998
SP23,9.25,,,,,0.0,0.0,1.0,,980
SP23,9.5,,,,,0.0,0.0,1.0,,591
SP23,9.75,,,,,0.0,0.0,1.0,,665
SP23,10.0,6.4,,,,0.0,0.0,1.0,13.03,769
SP23,10.25,,,,,0.0,0.0,1.0,,816
SP23,10.5,,,,,0.0,0.0,1.0,,961
SP23,10.75,,,,,0.0,0.0,1.0,,886
SP23,11.0,8.0,,,,0.0,0.0,1.0,,723
SP23,11.25,,,,,0.0,0.0,1.0,,592
SP23,11.5,,,,,0.0,0.0,1.0,,736
SP23,11.75,,,,,0.0,0.0,1.0,,664
SP23,12.0,16.0,,,,0.0,0.0,1.0,13.06,909
SP23,12.25,,,,,0.0,0.0,1.0,,867
SP23,12.5,,,,,0.0,0.0,1.0,,733
SP23,12.75,,,,,0.0,0.0,1.0,,833
SP23,13.0,15.0,,,,0.0,0.0,1.0,,964
SP23,13.25,,,,,0.0,0.0,1.0,,517
SP23,13.5,,,,,0.0,0.0,1.0,,747
SP23,13.75,,,,,0.0,0.0,1.0,,568
SP23,14.0,15.0,,,,0.0,0.0,1.0,10.49,996
SP23,14.25,,,,,0.0,0.0,1.0,,944
SP23,14.5,,,,,0.0,0.0,1.0,,931
SP23,14.75,,,,,0.0,0.0,1.0,,802
SP23,15.0,16.0,,,,0.0,0.0,1.0,,973
SP23,15.25,,,,,0.0,0.0,1.0,,923
SP23,15.5,,,,,0.0,0.0,1.0,,699
SP23,15.75,,,,,0.0,0.0,1.0,,595
SP23,16.0,17.0,,,,0.0,0.0,1.0,6.98,564
SP23,16.25,,,,,0.0,0.0,1.0,,760
SP23,16.5,,,,,0.0,0.0,1.0,,865
SP23,16.75,,,,,0.0,0.0,1.0,,718
SP23,17.0,20.0,,,,0.0,0.0,1.0,,983
SP23,17.25,,,,,0.0,0.0,1.0,,803
SP23,17.5,,,,,0.0,0.0,1.0,,741
SP23,17.75,,,,,0.0,0.0,1.0,,510
SP23,18.0,20.0,,,,0.0,0.0,1.0,,742
SP23,18.25,,,,,0.0,0.0,1.0,,510
SP23,18.5,,,,,0.0,0.0,1.0,,569
SP23,18.75,,,,,0.0,0.0,1.0,,905
SP23,19.0,45.0,,,,0.0,0.0,1.0,,503
SP23,19.25,,,,,0.0,0.0,1.0,,703
SP23,19.5,,,,,0.0,0.0,1.0,,664
SP23,19.75,,,,,0.0,0.0,1.0,,573
SP23,20.0,34.0,,,,0.0,0.0,1.0,,607
SP23,20.25,,,,,0.0,0.0,1.0,,690
SP23,20.5,,,,,0.0,0.0,1.0,,885
SP23,20.75,,,,,0.0,0.0,1.0,,596
SP23,21.0,20.0,,,,0.0,0.0,1.0,,606
SP23,21.25,,,,,0.0,0.0,1.0,,555
SP23,21.5,,,,,0.0,0.0,1.0,,716
SP23,21.75,,,,,0.0,0.0,1.0,,994
SP23,22.0,18.0,,,,0.0,0.0,1.0,,547
,,,,,,,,,,706
SP24,0.25,,,,,1.0,0.0,0.0,,682
SP24,0.5,,,,,1.0,0.0,0.0,,814
SP24,0.75,,,,,1.0,0.0,0.0,,697
SP24,1.0,4.5,,,,1.0,0.0,0.0,,964
SP24,1.25,,,,,1.0,0.0,0.0,,948
SP24,1.5,,,,,1.0,0.0,0.0,,507
SP24,1.75,,,,,1.0,0.0,0.0,,877
SP24,2.0,3.6,,,,1.0,0.0,0.0,3.11,988
SP24,2.25,,,,,1.0,0.0,0.0,,597
SP24,2.5,,,,,1.0,0.0,0.0,,836
SP24,2.75,,,,,1.0,0.0,0.0,,861
SP24,3.0,4.8,,,,1.0,0.0,0.0,,675
SP24,3.25,,,,,1.0,0.0,0.0,,859
SP24,3.5,,,,,1.0,0.0,0.0,,745
SP24,3.75,,,,,1.0,0.0,0.0,,657
SP24,4.0,4.5,,,,1.0,0.0,0.0,10.1,518
SP24,4.25,,,,,1.0,0.0,0.0,,597
SP24,4.5,,,,,1.0,0.0,0.0,,724
SP24,4.75,,,,,1.0,0.0,0.0,,511
SP24,5.0,4.7,,,,1.0,0.0,0.0,,520
SP24,5.25,,,,,1.0,0.0,0.0,,845
SP24,5.5,,,,,1.0,0.0,0.0,,925
SP24,5.75,,,,,1.0,0.0,0.0,,681
SP24,6.0,9.0,,,,1.0,0.0,0.0,,734
SP24,6.25,,,,,0.0,1.0,0.0,,698
SP24,6.5,,,,,0.0,1.0,0.0,,516
SP24,6.75,,,,,0.0,1.0,0.0,,651
SP24,7.0,7.0,,,,0.0,0.0,1.0,,899
SP24,7.25,,,,,0.0,0.0,1.0,,648
SP24,7.5,,,,,0.0,0.0,1.0,,762
SP24,7.75,,,,,0.0,0.0,1.0,,622
SP24,8.0,7.0,,,,0.0,0.0,1.0,11.65,846
SP24,8.25,,,,,0.0,0.0,1.0,,765
SP24,8.5,,,,,0.0,0.0,1.0,,526
SP24,8.75,,,,,0.0,0.0,1.0,,735
SP24,9.0,5.8,,,,0.0,0.0,1.0,,525
SP24,9.25,,,,,0.0,0.0,1.0,,742
SP24,9.5,,,,,0.0,0.0,1.0,,724
SP24,9.75,,,,,0.0,0.0,1.0,,976
SP24,10.0,9.0,,,,0.0,0.0,1.0,13.03,735
SP24,10.25,,,,,0.0,0.0,1.0,,724
SP24,10.5,,,,,0.0,0.0,1.0,,616
SP24,10.75,,,,,0.0,0.0,1.0,,960
SP24,11.0,10.0,,,,0.0,0.0,1.0,,597
SP24,11.25,,,,,0.0,0.0,1.0,,935
SP24,11.5,,,,,0.0,0.0,1.0,,813
SP24,11.75,,,,,0.0,0.0,1.0,,823
SP24,12.0,11.0,,,,0.0,0.0,1.0,13.06,611
SP24,12.25,,,,,0.0,0.0,1.0,,603
SP24,12.5,,,,,0.0,0.0,1.0,,661
SP24,12.75,,,,,0.0,0.0,1.0,,969
SP24,13.0,10.0,,,,0.0,0.0,1.0,,613
SP24,13.25,,,,,0.0,0.0,1.0,,893
SP24,13.5,,,,,0.0,0.0,1.0,,588
SP24,13.75,,,,,0.0,0.0,1.0,,847
SP24,14.0,10.0,,,,0.0,0.0,1.0,10.49,808
SP24,14.25,,,,,0.0,0.0,1.0,,919
SP24,14.5,,,,,0.0,0.0,1.0,,920
SP24,14.75,,,,,0.0,0.0,1.0,,824
SP24,15.0,9.0,,,,0.0,0.0,1.0,,892
SP24,15.25,,,,,0.0,0.0,1.0,,909
SP24,15.5,,,,,0.0,0.0,1.0,,822
SP24,15.75,,,,,0.0,0.0,1.0,,906
SP24,16.0,10.0,,,,0.0,0.0,1.0,6.98,965
SP24,16.25,,,,,0.0,0.0,1.0,,836
SP24,16.5,,,,,0.0,0.0,1.0,,837
SP24,16.75,,,,,0.0,0.0,1.0,,586
SP24,17.0,9.0,,,,0.0,0.0,1.0,,892
SP24,17.25,,,,,0.0,0.0,1.0,,809
SP24,17.5,,,,,0.0,0.0,1.0,,781
SP24,17.75,,,,,0.0,0.0,1.0,,843
SP24,18.0,12.0,,,,0.0,0.0,1.0,,805
SP24,18.25,,,,,0.0,0.0,1.0,,591
SP24,18.5,,,,,0.0,0.0,1.0,,769
SP24,18.75,,,,,0.0,0.0,1.0,,628
SP24,19.0,28.0,,,,0.0,0.0,1.0,,944
SP24,19.25,,,,,0.0,0.0,1.0,,929
SP24,19.5,,,,,0.0,0.0,1.0,,822
SP24,19.75,,,,,0.0,0.0,1.0,,871
SP24,20.0,33.0,,,,0.0,0.0,1.0,,953
SP24,20.25,,,,,0.0,0.0,1.0,,773
SP24,20.5,,,,,0.0,0.0,1.0,,855
SP24,20.75,,,,,0.0,0.0,1.0,,669
SP24,21.0,31.0,,,,0.0,0.0,1.0,,676
SP24,21.25,,,,,0.0,0.0,1.0,,558
SP24,21.5,,,,,0.0,0.0,1.0,,844
SP24,21.75,,,,,0.0,0.0,1.0,,625
SP24,22.0,28.0,,,,0.0,0.0,1.0,,968
,,,,,,,,,,900
SP25,0.25,,,,,1.0,0.0,0.0,,583
SP25,0.5,,,,,1.0,0.0,0.0,,650
SP25,0.75,,,,,1.0,0.0,0.0,,864
SP25,1.0,4.0,,,,1.0,0.0,0.0,,611
SP25,1.25,,,,,1.0,0.0,0.0,,731
SP25,1.5,,,,,1.0,0.0,0.0,,667
SP25,1.75,,,,,1.0,0.0,0.0,,889
SP25,2.0,4.5,,,,1.0,0.0,0.0,3.11,515
SP25,2.25,,,,,1.0,0.0,0.0,,952
SP25,2.5,,,,,1.0,0.0,0.0,,662
SP25,2.75,,,,,1.0,0.0,0.0,,580
SP25,3.0,4.8,,,,1.0,0.0,0.0,,627
SP25,3.25,,,,,1.0,0.0,0.0,,711
SP25,3.5,,,,,1.0,0.0,0.0,,596
SP25,3.75,,,,,1.0,0.0,0.0,,826
SP25,4.0,5.0,,,,1.0,0.0,0.0,10.1,849
SP25,4.25,,,,,1.0,0.0,0.0,,942
SP25,4.5,,,,,1.0,0.0,0.0,,598
SP25,4.75,,,,,1.0,0.0,0.0,,966
SP25,5.0,5.0,,,,1.0,0.0,0.0,,512
SP25,5.25,,,,,1.0,0.0,0.0,,711
SP25,5.5,,,,,1.0,0.0,0.0,,556
SP25,5.75,,,,,1.0,0.0,0.0,,856
SP25,6.0,8.0,,,,1.0,0.0,0.0,,989
SP25,6.25,,,,,0.0,1.0,0.0,,578
SP25,6.5,,,,,0.0,1.0,0.0,,659
SP25,6.75,,,,,0.0,1.0,0.0,,668
SP25,7.0,9.0,,,,0.0,0.0,1.0,,748
SP25,7.25,,,,,0.0,0.0,1.0,,769
SP25,7.5,,,,,0.0,0.0,1.0,,752
SP25,7.75,,,,,0.0,0.0,1.0,,796
SP25,8.0,7.0,,,,0.0,0.0,1.0,11.65,876
SP25,8.25,,,,,0.0,0.0,1.0,,811
SP25,8.5,,,,,0.0,0.0,1.0,,618
SP25,8.75,,,,,0.0,0.0,1.0,,680
SP25,9.0,9.0,,,,0.0,0.0,1.0,,718
SP25,9.25,,,,,0.0,0.0,1.0,,802
SP25,9.5,,,,,0.0,0.0,1.0,,761
SP25,9.75,,,,,0.0,0.0,1.0,,661
SP25,10.0,12.0,,,,0.0,0.0,1.0,13.03,739
SP25,10.25,,,,,0.0,0.0,1.0,,526
SP25,10.5,,,,,0.0,0.0,1.0,,707
SP25,10.75,,,,,0.0,0.0,1.0,,856
SP25,11.0,18.0,,,,0.0,0.0,1.0,,733
SP25,11.25,,,,,0.0,0.0,1.0,,543
SP25,11.5,,,,,0.0,0.0,1.0,,700
SP25,11.75,,,,,0.0,0.0,1.0,,722
SP25,12.0,17.0,,,,0.0,0.0,1.0,13.06,573
SP25,12.25,,,,,0.0,0.0,1.0,,690
SP25,12.5,,,,,0.0,0.0,1.0,,509
SP25,12.75,,,,,0.0,0.0,1.0,,569
SP25,13.0,15.0,,,,0.0,0.0,1.0,,831
SP25,13.25,,,,,0.0,0.0,1.0,,730
SP25,13.5,,,,,0.0,0.0,1.0,,733
SP25,13.75,,,,,0.0,0.0,1.0,,939
SP25,14.0,18.0,,,,0.0,0.0,1.0,10.49,907
SP25,14.25,,,,,0.0,0.0,1.0,,619
SP25,14.5,,,,,0.0,0.0,1.0,,798
SP25,14.75,,,,,0.0,0.0,1.0,,961
SP25,15.0,16.0,,,,0.0,0.0,1.0,,900
SP25,15.25,,,,,0.0,0.0,1.0,,510
SP25,15.5,,,,,0.0,0.0,1.0,,696
SP25,15.75,,,,,0.0,0.0,1.0,,859
SP25,16.0,14.0,,,,0.0,0.0,1.0,6.98,697
SP25,16.25,,,,,0.0,0.0,1.0,,977
SP25,16.5,,,,,0.0,0.0,1.0,,702
SP25,16.75,,,,,0.0,0.0,1.0,,825
SP25,17.0,15.0,,,,0.0,0.0,1.0,,574
SP25,17.25,,,,,0.0,0.0,1.0,,796
SP25,17.5,,,,,0.0,0.0,1.0,,719
SP25,17.75,,,,,0.0,0.0,1.0,,577
SP25,18.0,25.0,,,,0.0,0.0,1.0,,561
SP25,18.25,,,,,0.0,0.0,1.0,,874
SP25,18.5,,,,,0.0,0.0,1.0,,516
SP25,18.75,,,,,0.0,0.0,1.0,,851
SP25,19.0,29.0,,,,0.0,0.0,1.0,,749
SP25,19.25,,,,,0.0,0.0,1.0,,901
SP25,19.5,,,,,0.0,0.0,1.0,,541
SP25,19.75,,,,,0.0,0.0,1.0,,669
SP25,20.0,23.0,,,,0.0,0.0,1.0,,749
SP25,20.25,,,,,0.0,0.0,1.0,,667
SP25,20.5,,,,,0.0,0.0,1.0,,999
SP25,20.75,,,,,0.0,0.0,1.0,,865
SP25,21.0,22.0,,,,0.0,0.0,1.0,,765
SP25,21.25,,,,,0.0,0.0,1.0,,660
SP25,21.5,,,,,0.0,0.0,1.0,,984
SP25,21.75,,,,,0.0,0.0,1.0,,990
SP25,22.0,24.0,,,,0.0,0.0,1.0,,605
,,,,,,,,,,617
SP26,0.25,,,,,1.0,0.0,0.0,,663
SP26,0.5,,,,,1.0,0.0,0.0,,661
SP26,0.75,,,,,1.0,0.0,0.0,,910
SP26,1.0,5.3,,,,1.0,0.0,0.0,,952
SP26,1.25,,,,,1.0,0.0,0.0,,955
SP26,1.5,,,,,1.0,0.0,0.0,,700
SP26,1.75,,,,,1.0,0.0,0.0,,645
SP26,2.0,5.0,,,,1.0,0.0,0.0,3.11,924
SP26,2.25,,,,,1.0,0.0,0.0,,876
SP26,2.5,,,,,1.0,0.0,0.0,,714
SP26,2.75,,,,,1.0,0.0,0.0,,957
SP26,3.0,4.8,,,,1.0,0.0,0.0,,628
SP26,3.25,,,,,1.0,0.0,0.0,,906
SP26,3.5,,,,,1.0,0.0,0.0,,793
SP26,3.75,,,,,1.0,0.0,0.0,,795
SP26,4.0,5.3,,,,1.0,0.0,0.0,10.1,583
SP26,4.25,,,,,1.0,0.0,0.0,,685
SP26,4.5,,,,,1.0,0.0,0.0,,987
SP26,4.75,,,,,1.0,0.0,0.0,,800
SP26,5.0,5.1,,,,1.0,0.0,0.0,,562
SP26,5.25,,,,,1.0,0.0,0.0,,554
SP26,5.5,,,,,1.0,0.0,0.0,,543
SP26,5.75,,,,,1.0,0.0,0.0,,663
SP26,6.0,8.0,,,,1.0,0.0,0.0,,597
SP26,6.25,,,,,0.0,1.0,0.0,,918
SP26,6.5,,,,,0.0,1.0,0.0,,669
SP26,6.75,,,,,0.0,1.0,0.0,,519
SP26,7.0,9.0,,,,0.0,0.0,1.0,,592
SP26,7.25,,,,,0.0,0.0,1.0,,858
SP26,7.5,,,,,0.0,0.0,1.0,,755
SP26,7.75,,,,,0.0,0.0,1.0,,978
SP26,8.0,11.0,,,,0.0,0.0,1.0,11.65,899
SP26,8.25,,,,,0.0,0.0,1.0,,754
SP26,8.5,,,,,0.0,0.0,1.0,,808
SP26,8.75,,,,,0.0,0.0,1.0,,654
SP26,9.0,11.0,,,,0.0,0.0,1.0,,942
SP26,9.25,,,,,0.0,0.0,1.0,,750
SP26,9.5,,,,,0.0,0.0,1.0,,794
SP26,9.75,,,,,0.0,0.0,1.0,,963
SP26,10.0,13.0,,,,0.0,0.0,1.0,13.03,614
SP26,10.25,,,,,0.0,0.0,1.0,,503
SP26,10.5,,,,,0.0,0.0,1.0,,574
SP26,10.75,,,,,0.0,0.0,1.0,,661
SP26,11.0,14.0,,,,0.0,0.0,1.0,,766
SP26,11.25,,,,,0.0,0.0,1.0,,655
SP26,11.5,,,,,0.0,0.0,1.0,,898
SP26,11.75,,,,,0.0,0.0,1.0,,953
SP26,12.0,16.0,,,,0.0,0.0,1.0,13.06,681
SP26,12.25,,,,,0.0,0.0,1.0,,820
SP26,12.5,,,,,0.0,0.0,1.0,,989
SP26,12.75,,,,,0.0,0.0,1.0,,800
SP26,13.0,19.0,,,,0.0,0.0,1.0,,997
SP26,13.25,,,,,0.0,0.0,1.0,,707
SP26,13.5,,,,,0.0,0.0,1.0,,704
SP26,13.75,,,,,0.0,0.0,1.0,,644
SP26,14.0,18.0,,,,0.0,0.0,1.0,10.49,939
SP26,14.25,,,,,0.0,0.0,1.0,,533
SP26,14.5,,,,,0.0,0.0,1.0,,816
SP26,14.75,,,,,0.0,0.0,1.0,,663
SP26,15.0,15.0,,,,0.0,0.0,1.0,,585
SP26,15.25,,,,,0.0,0.0,1.0,,894
SP26,15.5,,,,,0.0,0.0,1.0,,972
SP26,15.75,,,,,0.0,0.0,1.0,,864
SP26,16.0,18.0,,,,0.0,0.0,1.0,6.98,728
SP26,16.25,,,,,0.0,0.0,1.0,,526
SP26,16.5,,,,,0.0,0.0,1.0,,583
SP26,16.75,,,,,0.0,0.0,1.0,,744
SP26,17.0,20.0,,,,0.0,0.0,1.0,,816
SP26,17.25,,,,,0.0,0.0,1.0,,708
SP26,17.5,,,,,0.0,0.0,1.0,,892
SP26,17.75,,,,,0.0,0.0,1.0,,706
SP26,18.0,20.0,,,,0.0,0.0,1.0,,645
SP26,18.25,,,,,0.0,0.0,1.0,,908
SP26,18.5,,,,,0.0,0.0,1.0,,873
SP26,18.75,,,,,0.0,0.0,1.0,,797
SP26,19.0,15.0,,,,0.0,0.0,1.0,,885
SP26,19.25,,,,,0.0,0.0,1.0,,646
SP26,19.5,,,,,0.0,0.0,1.0,,840
SP26,19.75,,,,,0.0,0.0,1.0,,901
SP26,20.0,35.0,,,,0.0,0.0,1.0,,690
SP26,20.25,,,,,0.0,0.0,1.0,,573
SP26,20.5,,,,,0.0,0.0,1.0,,677
SP26,20.75,,,,,0.0,0.0,1.0,,990
SP26,21.0,29.0,,,,0.0,0.0,1.0,,651
SP26,21.25,,,,,0.0,0.0,1.0,,808
SP26,21.5,,,,,0.0,0.0,1.0,,756
SP26,21.75,,,,,0.0,0.0,1.0,,540
SP26,22.0,22.0,,,,0.0,0.0,1.0,,887
,,,,,,,,,,532
SP27,0.25,,,,,1.0,0.0,0.0,,630
SP27,0.5,,,,,1.0,0.0,0.0,,996
SP27,0.75,,,,,1.0,0.0,0.0,,831
SP27,1.0,3.0,,,,1.0,0.0,0.0,,750
SP27,1.25,,,,,1.0,0.0,0.0,,772
SP27,1.5,,,,,1.0,0.0,0.0,,873
SP27,1.75,,,,,1.0,0.0,0.0,,783
SP27,2.0,3.0,,,,1.0,0.0,0.0,3.11,868
SP27,2.25,,,,,1.0,0.0,0.0,,757
SP27,2.5,,,,,1.0,0.0,0.0,,552
SP27,2.75,,,,,1.0,0.0,0.0,,545
SP27,3.0,2.81,,,,1.0,0.0,0.0,,715
SP27,3.25,,,,,1.0,0.0,0.0,,896
SP27,3.5,,,,,1.0,0.0,0.0,,711
SP27,3.75,,,,,1.0,0.0,0.0,,821
SP27,4.0,5.14,,,,1.0,0.0,0.0,10.1,871
SP27,4.25,,,,,1.0,0.0,0.0,,652
SP27,4.5,,,,,1.0,0.0,0.0,,724
SP27,4.75,,,,,1.0,0.0,0.0,,691
SP27,5.0,5.0,,,,1.0,0.0,0.0,,866
SP27,5.25,,,,,1.0,0.0,0.0,,943
SP27,5.5,,,,,1.0,0.0,0.0,,924
SP27,5.75,,,,,1.0,0.0,0.0,,604
SP27,6.0,7.0,,,,1.0,0.0,0.0,,813
SP27,6.25,,,,,0.0,1.0,0.0,,553
SP27,6.5,,,,,0.0,1.0,0.0,,823
SP27,6.75,,,,,0.0,1.0,0.0,,901
SP27,7.0,7.0,,,,0.0,0.0,1.0,,792
SP27,7.25,,,,,0.0,0.0,1.0,,734
SP27,7.5,,,,,0.0,0.0,1.0,,994
SP27,7.75,,,,,0.0,0.0,1.0,,732
SP27,8.0,9.0,,,,0.0,0.0,1.0,11.65,901
SP27,8.25,,,,,0.0,0.0,1.0,,615
SP27,8.5,,,,,0.0,0.0,1.0,,895
SP27,8.75,,,,,0.0,0.0,1.0,,889
SP27,9.0,10.0,,,,0.0,0.0,1.0,,584
SP27,9.25,,,,,0.0,0.0,1.0,,788
SP27,9.5,,,,,0.0,0.0,1.0,,615
SP27,9.75,,,,,0.0,0.0,1.0,,804
SP27,10.0,12.0,,,,0.0,0.0,1.0,13.03,860
SP27,10.25,,,,,0.0,0.0,1.0,,582
SP27,10.5,,,,,0.0,0.0,1.0,,619
SP27,10.75,,,,,0.0,0.0,1.0,,970
SP27,11.0,13.0,,,,0.0,0.0,1.0,,705
SP27,11.25,,,,,0.0,0.0,1.0,,678
SP27,11.5,,,,,0.0,0.0,1.0,,779
SP27,11.75,,,,,0.0,0.0,1.0,,999
SP27,12.0,14.0,,,,0.0,0.0,1.0,13.06,923
SP27,12.25,,,,,0.0,0.0,1.0,,540
SP27,12.5,,,,,0.0,0.0,1.0,,762
SP27,12.75,,,,,0.0,0.0,1.0,,948
SP27,13.0,14.0,,,,0.0,0.0,1.0,,847
SP27,13.25,,,,,0.0,0.0,1.0,,789
SP27,13.5,,,,,0.0,0.0,1.0,,728
SP27,13.75,,,,,0.0,0.0,1.0,,612
SP27,14.0,11.0,,,,0.0,0.0,1.0,10.49,736
SP27,14.25,,,,,0.0,0.0,1.0,,662
SP27,14.5,,,,,0.0,0.0,1.0,,599
SP27,14.75,,,,,0.0,0.0,1.0,,685
SP27,15.0,12.0,,,,0.0,0.0,1.0,,659
SP27,15.25,,,,,0.0,0.0,1.0,,938
SP27,15.5,,,,,0.0,0.0,1.0,,796
SP27,15.75,,,,,0.0,0.0,1.0,,899
SP27,16.0,11.0,,,,0.0,0.0,1.0,6.98,714
SP27,16.25,,,,,0.0,0.0,1.0,,679
SP27,16.5,,,,,0.0,0.0,1.0,,701
SP27,16.75,,,,,0.0,0.0,1.0,,997
SP27,17.0,9.0,,,,0.0,0.0,1.0,,568
SP27,17.25,,,,,0.0,0.0,1.0,,722
SP27,17.5,,,,,0.0,0.0,1.0,,760
SP27,17.75,,,,,0.0,0.0,1.0,,802
SP27,18.0,11.0,,,,0.0,0.0,1.0,,812
SP27,18.25,,,,,0.0,0.0,1.0,,569
SP27,18.5,,,,,0.0,0.0,1.0,,552
SP27,18.75,,,,,0.0,0.0,1.0,,939
SP27,19.0,12.0,,,,0.0,0.0,1.0,,621
SP27,19.25,,,,,0.0,0.0,1.0,,596
SP27,19.5,,,,,0.0,0.0,1.0,,775
SP27,19.75,,,,,0.0,0.0,1.0,,695
SP27,20.0,31.0,,,,0.0,0.0,1.0,,848
SP27,20.25,,,,,0.0,0.0,1.0,,520
SP27,20.5,,,,,0.0,0.0,1.0,,614
SP27,20.75,,,,,0.0,0.0,1.0,,619
SP27,21.0,38.0,,,,0.0,0.0,1.0,,927
SP27,21.25,,,,,0.0,0.0,1.0,,678
SP27,21.5,,,,,0.0,0.0,1.0,,775
SP27,21.75,,,,,0.0,0.0,1.0,,983
SP27,22.0,26.0,,,,0.0,0.0,1.0,,843
